-- MySQL dump 10.13  Distrib 8.0.29, for Win64 (x86_64)
--
-- Host: 127.0.0.1    Database: tp_java_cine
-- ------------------------------------------------------
-- Server version	8.0.29

/*!40101 SET @OLD_CHARACTER_SET_CLIENT=@@CHARACTER_SET_CLIENT */;
/*!40101 SET @OLD_CHARACTER_SET_RESULTS=@@CHARACTER_SET_RESULTS */;
/*!40101 SET @OLD_COLLATION_CONNECTION=@@COLLATION_CONNECTION */;
/*!50503 SET NAMES utf8 */;
/*!40103 SET @OLD_TIME_ZONE=@@TIME_ZONE */;
/*!40103 SET TIME_ZONE='+00:00' */;
/*!40014 SET @OLD_UNIQUE_CHECKS=@@UNIQUE_CHECKS, UNIQUE_CHECKS=0 */;
/*!40014 SET @OLD_FOREIGN_KEY_CHECKS=@@FOREIGN_KEY_CHECKS, FOREIGN_KEY_CHECKS=0 */;
/*!40101 SET @OLD_SQL_MODE=@@SQL_MODE, SQL_MODE='NO_AUTO_VALUE_ON_ZERO' */;
/*!40111 SET @OLD_SQL_NOTES=@@SQL_NOTES, SQL_NOTES=0 */;

--
-- Table structure for table `butaca_funcion`
--

DROP TABLE IF EXISTS `butaca_funcion`;
/*!40101 SET @saved_cs_client     = @@character_set_client */;
/*!50503 SET character_set_client = utf8mb4 */;
CREATE TABLE `butaca_funcion` (
  `numero` int NOT NULL,
  `nro_sala` int NOT NULL,
  `cod_pelicula` int NOT NULL,
  `fecha_hora_funcion` datetime NOT NULL,
  `estado` varchar(45) CHARACTER SET utf8mb3 COLLATE utf8_bin NOT NULL,
  PRIMARY KEY (`numero`,`nro_sala`,`cod_pelicula`,`fecha_hora_funcion`),
  KEY `fk_butaca_funcion_funcion_idx` (`nro_sala`,`cod_pelicula`,`fecha_hora_funcion`),
  CONSTRAINT `fk_butaca_funcion_funcion` FOREIGN KEY (`nro_sala`, `cod_pelicula`, `fecha_hora_funcion`) REFERENCES `funcion` (`numero_sala`, `codigo_pelicula`, `fecha_hora`) ON DELETE CASCADE ON UPDATE CASCADE
) ENGINE=InnoDB DEFAULT CHARSET=utf8mb3 COLLATE=utf8_bin;
/*!40101 SET character_set_client = @saved_cs_client */;

--
-- Dumping data for table `butaca_funcion`
--

LOCK TABLES `butaca_funcion` WRITE;
/*!40000 ALTER TABLE `butaca_funcion` DISABLE KEYS */;
INSERT INTO `butaca_funcion` VALUES (1,1,3,'2022-10-10 23:00:00','0'),(1,1,3,'2023-04-21 11:00:00','0'),(1,1,3,'2023-04-22 20:00:00','0'),(1,1,3,'2023-06-16 18:00:00','0'),(1,1,3,'2023-10-11 12:00:00','0'),(1,1,4,'2023-08-03 15:00:00','0'),(1,1,5,'2023-05-07 22:00:00','0'),(1,1,6,'2023-05-07 16:00:00','0'),(1,1,7,'2023-04-30 15:00:00','0'),(1,1,8,'2023-05-04 20:00:00','0'),(1,1,8,'2023-05-05 17:00:00','0'),(1,1,9,'2023-05-08 20:00:00','0'),(1,1,10,'2023-04-30 18:00:00','0'),(1,1,10,'2023-05-07 14:00:00','0'),(1,1,25,'2023-05-12 19:30:00','0'),(1,1,26,'2023-10-10 23:00:00','0'),(1,1,33,'2023-05-15 23:00:00','0'),(1,2,7,'2023-05-03 12:00:00','0'),(1,2,11,'2023-05-04 20:00:00','0'),(1,2,22,'2023-05-04 13:00:00','0'),(1,2,26,'2023-05-05 20:00:00','0'),(1,2,32,'2023-05-06 20:00:00','0'),(1,2,33,'2023-05-15 18:45:00','0'),(1,3,4,'2023-06-05 15:00:00','0'),(1,3,5,'2023-05-01 16:00:00','0'),(1,3,6,'2023-05-08 23:00:00','0'),(1,3,8,'2023-05-04 20:00:00','0'),(1,3,8,'2023-05-06 21:00:00','0'),(1,3,11,'2023-05-09 16:00:00','0'),(1,3,22,'2023-05-11 15:00:00','0'),(1,3,25,'2023-05-02 20:00:00','0'),(1,3,26,'2023-05-04 12:00:00','0'),(1,3,32,'2023-05-08 21:00:00','0'),(2,1,3,'2022-10-10 23:00:00','0'),(2,1,3,'2023-04-21 11:00:00','0'),(2,1,3,'2023-04-22 20:00:00','0'),(2,1,3,'2023-06-16 18:00:00','0'),(2,1,3,'2023-10-11 12:00:00','0'),(2,1,4,'2023-08-03 15:00:00','0'),(2,1,5,'2023-05-07 22:00:00','0'),(2,1,6,'2023-05-07 16:00:00','0'),(2,1,7,'2023-04-30 15:00:00','0'),(2,1,8,'2023-05-04 20:00:00','0'),(2,1,8,'2023-05-05 17:00:00','0'),(2,1,9,'2023-05-08 20:00:00','0'),(2,1,10,'2023-04-30 18:00:00','0'),(2,1,10,'2023-05-07 14:00:00','0'),(2,1,25,'2023-05-12 19:30:00','0'),(2,1,26,'2023-10-10 23:00:00','0'),(2,1,33,'2023-05-15 23:00:00','0'),(2,2,7,'2023-05-03 12:00:00','0'),(2,2,11,'2023-05-04 20:00:00','0'),(2,2,22,'2023-05-04 13:00:00','0'),(2,2,26,'2023-05-05 20:00:00','0'),(2,2,32,'2023-05-06 20:00:00','0'),(2,2,33,'2023-05-15 18:45:00','0'),(2,3,4,'2023-06-05 15:00:00','0'),(2,3,5,'2023-05-01 16:00:00','0'),(2,3,6,'2023-05-08 23:00:00','0'),(2,3,8,'2023-05-04 20:00:00','0'),(2,3,8,'2023-05-06 21:00:00','0'),(2,3,11,'2023-05-09 16:00:00','0'),(2,3,22,'2023-05-11 15:00:00','0'),(2,3,25,'2023-05-02 20:00:00','0'),(2,3,26,'2023-05-04 12:00:00','0'),(2,3,32,'2023-05-08 21:00:00','0'),(3,1,3,'2022-10-10 23:00:00','0'),(3,1,3,'2023-04-21 11:00:00','0'),(3,1,3,'2023-04-22 20:00:00','0'),(3,1,3,'2023-06-16 18:00:00','0'),(3,1,3,'2023-10-11 12:00:00','0'),(3,1,4,'2023-08-03 15:00:00','0'),(3,1,5,'2023-05-07 22:00:00','0'),(3,1,6,'2023-05-07 16:00:00','0'),(3,1,7,'2023-04-30 15:00:00','0'),(3,1,8,'2023-05-04 20:00:00','0'),(3,1,8,'2023-05-05 17:00:00','0'),(3,1,9,'2023-05-08 20:00:00','0'),(3,1,10,'2023-04-30 18:00:00','0'),(3,1,10,'2023-05-07 14:00:00','0'),(3,1,25,'2023-05-12 19:30:00','0'),(3,1,26,'2023-10-10 23:00:00','0'),(3,1,33,'2023-05-15 23:00:00','0'),(3,2,7,'2023-05-03 12:00:00','0'),(3,2,11,'2023-05-04 20:00:00','0'),(3,2,22,'2023-05-04 13:00:00','0'),(3,2,26,'2023-05-05 20:00:00','0'),(3,2,32,'2023-05-06 20:00:00','0'),(3,2,33,'2023-05-15 18:45:00','0'),(3,3,4,'2023-06-05 15:00:00','0'),(3,3,5,'2023-05-01 16:00:00','0'),(3,3,6,'2023-05-08 23:00:00','0'),(3,3,8,'2023-05-04 20:00:00','0'),(3,3,8,'2023-05-06 21:00:00','0'),(3,3,11,'2023-05-09 16:00:00','0'),(3,3,22,'2023-05-11 15:00:00','0'),(3,3,25,'2023-05-02 20:00:00','0'),(3,3,26,'2023-05-04 12:00:00','0'),(3,3,32,'2023-05-08 21:00:00','0'),(4,1,3,'2022-10-10 23:00:00','0'),(4,1,3,'2023-04-21 11:00:00','0'),(4,1,3,'2023-04-22 20:00:00','0'),(4,1,3,'2023-06-16 18:00:00','0'),(4,1,3,'2023-10-11 12:00:00','0'),(4,1,4,'2023-08-03 15:00:00','0'),(4,1,5,'2023-05-07 22:00:00','0'),(4,1,6,'2023-05-07 16:00:00','0'),(4,1,7,'2023-04-30 15:00:00','0'),(4,1,8,'2023-05-04 20:00:00','0'),(4,1,8,'2023-05-05 17:00:00','0'),(4,1,9,'2023-05-08 20:00:00','0'),(4,1,10,'2023-04-30 18:00:00','0'),(4,1,10,'2023-05-07 14:00:00','0'),(4,1,25,'2023-05-12 19:30:00','0'),(4,1,26,'2023-10-10 23:00:00','0'),(4,1,33,'2023-05-15 23:00:00','0'),(4,2,7,'2023-05-03 12:00:00','0'),(4,2,11,'2023-05-04 20:00:00','0'),(4,2,22,'2023-05-04 13:00:00','0'),(4,2,26,'2023-05-05 20:00:00','0'),(4,2,32,'2023-05-06 20:00:00','0'),(4,2,33,'2023-05-15 18:45:00','0'),(4,3,4,'2023-06-05 15:00:00','0'),(4,3,5,'2023-05-01 16:00:00','0'),(4,3,6,'2023-05-08 23:00:00','0'),(4,3,8,'2023-05-04 20:00:00','0'),(4,3,8,'2023-05-06 21:00:00','0'),(4,3,11,'2023-05-09 16:00:00','0'),(4,3,22,'2023-05-11 15:00:00','0'),(4,3,25,'2023-05-02 20:00:00','0'),(4,3,26,'2023-05-04 12:00:00','0'),(4,3,32,'2023-05-08 21:00:00','0'),(5,1,3,'2022-10-10 23:00:00','0'),(5,1,3,'2023-04-21 11:00:00','0'),(5,1,3,'2023-04-22 20:00:00','1'),(5,1,3,'2023-06-16 18:00:00','0'),(5,1,3,'2023-10-11 12:00:00','0'),(5,1,4,'2023-08-03 15:00:00','0'),(5,1,5,'2023-05-07 22:00:00','0'),(5,1,6,'2023-05-07 16:00:00','0'),(5,1,7,'2023-04-30 15:00:00','0'),(5,1,8,'2023-05-04 20:00:00','0'),(5,1,8,'2023-05-05 17:00:00','0'),(5,1,9,'2023-05-08 20:00:00','0'),(5,1,10,'2023-04-30 18:00:00','0'),(5,1,10,'2023-05-07 14:00:00','0'),(5,1,25,'2023-05-12 19:30:00','0'),(5,1,26,'2023-10-10 23:00:00','0'),(5,1,33,'2023-05-15 23:00:00','0'),(5,2,7,'2023-05-03 12:00:00','0'),(5,2,11,'2023-05-04 20:00:00','0'),(5,2,22,'2023-05-04 13:00:00','0'),(5,2,26,'2023-05-05 20:00:00','0'),(5,2,32,'2023-05-06 20:00:00','0'),(5,2,33,'2023-05-15 18:45:00','0'),(5,3,4,'2023-06-05 15:00:00','0'),(5,3,5,'2023-05-01 16:00:00','0'),(5,3,6,'2023-05-08 23:00:00','0'),(5,3,8,'2023-05-04 20:00:00','0'),(5,3,8,'2023-05-06 21:00:00','0'),(5,3,11,'2023-05-09 16:00:00','0'),(5,3,22,'2023-05-11 15:00:00','0'),(5,3,25,'2023-05-02 20:00:00','0'),(5,3,26,'2023-05-04 12:00:00','0'),(5,3,32,'2023-05-08 21:00:00','0'),(6,1,3,'2022-10-10 23:00:00','0'),(6,1,3,'2023-04-21 11:00:00','0'),(6,1,3,'2023-04-22 20:00:00','0'),(6,1,3,'2023-06-16 18:00:00','0'),(6,1,3,'2023-10-11 12:00:00','0'),(6,1,4,'2023-08-03 15:00:00','0'),(6,1,5,'2023-05-07 22:00:00','0'),(6,1,6,'2023-05-07 16:00:00','0'),(6,1,7,'2023-04-30 15:00:00','0'),(6,1,8,'2023-05-04 20:00:00','0'),(6,1,8,'2023-05-05 17:00:00','0'),(6,1,9,'2023-05-08 20:00:00','0'),(6,1,10,'2023-04-30 18:00:00','0'),(6,1,10,'2023-05-07 14:00:00','0'),(6,1,25,'2023-05-12 19:30:00','0'),(6,1,26,'2023-10-10 23:00:00','0'),(6,1,33,'2023-05-15 23:00:00','0'),(6,2,7,'2023-05-03 12:00:00','0'),(6,2,11,'2023-05-04 20:00:00','0'),(6,2,22,'2023-05-04 13:00:00','0'),(6,2,26,'2023-05-05 20:00:00','0'),(6,2,32,'2023-05-06 20:00:00','0'),(6,2,33,'2023-05-15 18:45:00','0'),(6,3,4,'2023-06-05 15:00:00','0'),(6,3,5,'2023-05-01 16:00:00','0'),(6,3,6,'2023-05-08 23:00:00','0'),(6,3,8,'2023-05-04 20:00:00','0'),(6,3,8,'2023-05-06 21:00:00','0'),(6,3,11,'2023-05-09 16:00:00','0'),(6,3,22,'2023-05-11 15:00:00','0'),(6,3,25,'2023-05-02 20:00:00','0'),(6,3,26,'2023-05-04 12:00:00','0'),(6,3,32,'2023-05-08 21:00:00','0'),(7,1,3,'2022-10-10 23:00:00','0'),(7,1,3,'2023-04-21 11:00:00','1'),(7,1,3,'2023-04-22 20:00:00','0'),(7,1,3,'2023-06-16 18:00:00','0'),(7,1,3,'2023-10-11 12:00:00','0'),(7,1,4,'2023-08-03 15:00:00','0'),(7,1,5,'2023-05-07 22:00:00','0'),(7,1,6,'2023-05-07 16:00:00','0'),(7,1,7,'2023-04-30 15:00:00','0'),(7,1,8,'2023-05-04 20:00:00','0'),(7,1,8,'2023-05-05 17:00:00','0'),(7,1,9,'2023-05-08 20:00:00','0'),(7,1,10,'2023-04-30 18:00:00','0'),(7,1,10,'2023-05-07 14:00:00','0'),(7,1,25,'2023-05-12 19:30:00','0'),(7,1,26,'2023-10-10 23:00:00','0'),(7,1,33,'2023-05-15 23:00:00','0'),(7,2,7,'2023-05-03 12:00:00','0'),(7,2,11,'2023-05-04 20:00:00','0'),(7,2,22,'2023-05-04 13:00:00','0'),(7,2,26,'2023-05-05 20:00:00','0'),(7,2,32,'2023-05-06 20:00:00','0'),(7,2,33,'2023-05-15 18:45:00','0'),(7,3,4,'2023-06-05 15:00:00','0'),(7,3,5,'2023-05-01 16:00:00','0'),(7,3,6,'2023-05-08 23:00:00','0'),(7,3,8,'2023-05-04 20:00:00','0'),(7,3,8,'2023-05-06 21:00:00','0'),(7,3,11,'2023-05-09 16:00:00','0'),(7,3,22,'2023-05-11 15:00:00','0'),(7,3,25,'2023-05-02 20:00:00','0'),(7,3,26,'2023-05-04 12:00:00','0'),(7,3,32,'2023-05-08 21:00:00','0'),(8,1,3,'2022-10-10 23:00:00','0'),(8,1,3,'2023-04-21 11:00:00','1'),(8,1,3,'2023-04-22 20:00:00','0'),(8,1,3,'2023-06-16 18:00:00','0'),(8,1,3,'2023-10-11 12:00:00','0'),(8,1,4,'2023-08-03 15:00:00','0'),(8,1,5,'2023-05-07 22:00:00','0'),(8,1,6,'2023-05-07 16:00:00','0'),(8,1,7,'2023-04-30 15:00:00','0'),(8,1,8,'2023-05-04 20:00:00','0'),(8,1,8,'2023-05-05 17:00:00','0'),(8,1,9,'2023-05-08 20:00:00','0'),(8,1,10,'2023-04-30 18:00:00','0'),(8,1,10,'2023-05-07 14:00:00','0'),(8,1,25,'2023-05-12 19:30:00','0'),(8,1,26,'2023-10-10 23:00:00','0'),(8,1,33,'2023-05-15 23:00:00','0'),(8,2,7,'2023-05-03 12:00:00','0'),(8,2,11,'2023-05-04 20:00:00','0'),(8,2,22,'2023-05-04 13:00:00','0'),(8,2,26,'2023-05-05 20:00:00','0'),(8,2,32,'2023-05-06 20:00:00','0'),(8,2,33,'2023-05-15 18:45:00','0'),(8,3,4,'2023-06-05 15:00:00','0'),(8,3,5,'2023-05-01 16:00:00','0'),(8,3,6,'2023-05-08 23:00:00','0'),(8,3,8,'2023-05-04 20:00:00','0'),(8,3,8,'2023-05-06 21:00:00','0'),(8,3,11,'2023-05-09 16:00:00','0'),(8,3,22,'2023-05-11 15:00:00','0'),(8,3,25,'2023-05-02 20:00:00','0'),(8,3,26,'2023-05-04 12:00:00','0'),(8,3,32,'2023-05-08 21:00:00','0'),(9,1,3,'2022-10-10 23:00:00','0'),(9,1,3,'2023-04-21 11:00:00','0'),(9,1,3,'2023-04-22 20:00:00','0'),(9,1,3,'2023-06-16 18:00:00','0'),(9,1,3,'2023-10-11 12:00:00','0'),(9,1,4,'2023-08-03 15:00:00','0'),(9,1,5,'2023-05-07 22:00:00','0'),(9,1,6,'2023-05-07 16:00:00','0'),(9,1,7,'2023-04-30 15:00:00','0'),(9,1,8,'2023-05-04 20:00:00','0'),(9,1,8,'2023-05-05 17:00:00','0'),(9,1,9,'2023-05-08 20:00:00','0'),(9,1,10,'2023-04-30 18:00:00','0'),(9,1,10,'2023-05-07 14:00:00','0'),(9,1,25,'2023-05-12 19:30:00','0'),(9,1,26,'2023-10-10 23:00:00','0'),(9,1,33,'2023-05-15 23:00:00','0'),(9,2,7,'2023-05-03 12:00:00','0'),(9,2,11,'2023-05-04 20:00:00','0'),(9,2,22,'2023-05-04 13:00:00','0'),(9,2,26,'2023-05-05 20:00:00','0'),(9,2,32,'2023-05-06 20:00:00','0'),(9,2,33,'2023-05-15 18:45:00','0'),(9,3,4,'2023-06-05 15:00:00','0'),(9,3,5,'2023-05-01 16:00:00','0'),(9,3,6,'2023-05-08 23:00:00','0'),(9,3,8,'2023-05-04 20:00:00','0'),(9,3,8,'2023-05-06 21:00:00','0'),(9,3,11,'2023-05-09 16:00:00','0'),(9,3,22,'2023-05-11 15:00:00','0'),(9,3,25,'2023-05-02 20:00:00','0'),(9,3,26,'2023-05-04 12:00:00','0'),(9,3,32,'2023-05-08 21:00:00','0'),(10,1,3,'2022-10-10 23:00:00','0'),(10,1,3,'2023-04-21 11:00:00','0'),(10,1,3,'2023-04-22 20:00:00','0'),(10,1,3,'2023-06-16 18:00:00','0'),(10,1,3,'2023-10-11 12:00:00','0'),(10,1,4,'2023-08-03 15:00:00','0'),(10,1,5,'2023-05-07 22:00:00','0'),(10,1,6,'2023-05-07 16:00:00','0'),(10,1,7,'2023-04-30 15:00:00','0'),(10,1,8,'2023-05-04 20:00:00','0'),(10,1,8,'2023-05-05 17:00:00','0'),(10,1,9,'2023-05-08 20:00:00','0'),(10,1,10,'2023-04-30 18:00:00','0'),(10,1,10,'2023-05-07 14:00:00','0'),(10,1,25,'2023-05-12 19:30:00','0'),(10,1,26,'2023-10-10 23:00:00','0'),(10,1,33,'2023-05-15 23:00:00','0'),(10,2,7,'2023-05-03 12:00:00','0'),(10,2,11,'2023-05-04 20:00:00','0'),(10,2,22,'2023-05-04 13:00:00','0'),(10,2,26,'2023-05-05 20:00:00','0'),(10,2,32,'2023-05-06 20:00:00','0'),(10,2,33,'2023-05-15 18:45:00','0'),(10,3,4,'2023-06-05 15:00:00','0'),(10,3,5,'2023-05-01 16:00:00','0'),(10,3,6,'2023-05-08 23:00:00','0'),(10,3,8,'2023-05-04 20:00:00','0'),(10,3,8,'2023-05-06 21:00:00','0'),(10,3,11,'2023-05-09 16:00:00','0'),(10,3,22,'2023-05-11 15:00:00','0'),(10,3,25,'2023-05-02 20:00:00','0'),(10,3,26,'2023-05-04 12:00:00','0'),(10,3,32,'2023-05-08 21:00:00','0'),(11,1,3,'2022-10-10 23:00:00','0'),(11,1,3,'2023-04-21 11:00:00','0'),(11,1,3,'2023-04-22 20:00:00','0'),(11,1,3,'2023-06-16 18:00:00','0'),(11,1,3,'2023-10-11 12:00:00','0'),(11,1,4,'2023-08-03 15:00:00','0'),(11,1,5,'2023-05-07 22:00:00','0'),(11,1,6,'2023-05-07 16:00:00','0'),(11,1,7,'2023-04-30 15:00:00','0'),(11,1,8,'2023-05-04 20:00:00','0'),(11,1,8,'2023-05-05 17:00:00','0'),(11,1,9,'2023-05-08 20:00:00','0'),(11,1,10,'2023-04-30 18:00:00','0'),(11,1,10,'2023-05-07 14:00:00','0'),(11,1,25,'2023-05-12 19:30:00','0'),(11,1,26,'2023-10-10 23:00:00','0'),(11,1,33,'2023-05-15 23:00:00','0'),(11,2,7,'2023-05-03 12:00:00','0'),(11,2,11,'2023-05-04 20:00:00','0'),(11,2,22,'2023-05-04 13:00:00','0'),(11,2,26,'2023-05-05 20:00:00','0'),(11,2,32,'2023-05-06 20:00:00','0'),(11,2,33,'2023-05-15 18:45:00','0'),(11,3,4,'2023-06-05 15:00:00','0'),(11,3,5,'2023-05-01 16:00:00','0'),(11,3,6,'2023-05-08 23:00:00','0'),(11,3,8,'2023-05-04 20:00:00','0'),(11,3,8,'2023-05-06 21:00:00','0'),(11,3,11,'2023-05-09 16:00:00','0'),(11,3,22,'2023-05-11 15:00:00','0'),(11,3,25,'2023-05-02 20:00:00','0'),(11,3,26,'2023-05-04 12:00:00','0'),(11,3,32,'2023-05-08 21:00:00','0'),(12,1,3,'2022-10-10 23:00:00','0'),(12,1,3,'2023-04-21 11:00:00','0'),(12,1,3,'2023-04-22 20:00:00','0'),(12,1,3,'2023-06-16 18:00:00','0'),(12,1,3,'2023-10-11 12:00:00','0'),(12,1,4,'2023-08-03 15:00:00','0'),(12,1,5,'2023-05-07 22:00:00','0'),(12,1,6,'2023-05-07 16:00:00','0'),(12,1,7,'2023-04-30 15:00:00','0'),(12,1,8,'2023-05-04 20:00:00','0'),(12,1,8,'2023-05-05 17:00:00','0'),(12,1,9,'2023-05-08 20:00:00','0'),(12,1,10,'2023-04-30 18:00:00','0'),(12,1,10,'2023-05-07 14:00:00','0'),(12,1,25,'2023-05-12 19:30:00','0'),(12,1,26,'2023-10-10 23:00:00','0'),(12,1,33,'2023-05-15 23:00:00','0'),(12,2,7,'2023-05-03 12:00:00','0'),(12,2,11,'2023-05-04 20:00:00','0'),(12,2,22,'2023-05-04 13:00:00','0'),(12,2,26,'2023-05-05 20:00:00','0'),(12,2,32,'2023-05-06 20:00:00','0'),(12,2,33,'2023-05-15 18:45:00','0'),(12,3,4,'2023-06-05 15:00:00','0'),(12,3,5,'2023-05-01 16:00:00','0'),(12,3,6,'2023-05-08 23:00:00','0'),(12,3,8,'2023-05-04 20:00:00','0'),(12,3,8,'2023-05-06 21:00:00','0'),(12,3,11,'2023-05-09 16:00:00','0'),(12,3,22,'2023-05-11 15:00:00','0'),(12,3,25,'2023-05-02 20:00:00','0'),(12,3,26,'2023-05-04 12:00:00','0'),(12,3,32,'2023-05-08 21:00:00','0'),(13,1,3,'2022-10-10 23:00:00','0'),(13,1,3,'2023-04-21 11:00:00','0'),(13,1,3,'2023-04-22 20:00:00','0'),(13,1,3,'2023-06-16 18:00:00','0'),(13,1,3,'2023-10-11 12:00:00','0'),(13,1,4,'2023-08-03 15:00:00','0'),(13,1,5,'2023-05-07 22:00:00','0'),(13,1,6,'2023-05-07 16:00:00','0'),(13,1,7,'2023-04-30 15:00:00','0'),(13,1,8,'2023-05-04 20:00:00','0'),(13,1,8,'2023-05-05 17:00:00','0'),(13,1,9,'2023-05-08 20:00:00','0'),(13,1,10,'2023-04-30 18:00:00','0'),(13,1,10,'2023-05-07 14:00:00','0'),(13,1,25,'2023-05-12 19:30:00','0'),(13,1,26,'2023-10-10 23:00:00','0'),(13,1,33,'2023-05-15 23:00:00','0'),(13,2,7,'2023-05-03 12:00:00','0'),(13,2,11,'2023-05-04 20:00:00','0'),(13,2,22,'2023-05-04 13:00:00','0'),(13,2,26,'2023-05-05 20:00:00','0'),(13,2,32,'2023-05-06 20:00:00','0'),(13,2,33,'2023-05-15 18:45:00','0'),(13,3,4,'2023-06-05 15:00:00','0'),(13,3,5,'2023-05-01 16:00:00','0'),(13,3,6,'2023-05-08 23:00:00','0'),(13,3,8,'2023-05-04 20:00:00','0'),(13,3,8,'2023-05-06 21:00:00','0'),(13,3,11,'2023-05-09 16:00:00','0'),(13,3,22,'2023-05-11 15:00:00','0'),(13,3,25,'2023-05-02 20:00:00','0'),(13,3,26,'2023-05-04 12:00:00','0'),(13,3,32,'2023-05-08 21:00:00','0'),(14,1,3,'2022-10-10 23:00:00','0'),(14,1,3,'2023-04-21 11:00:00','0'),(14,1,3,'2023-04-22 20:00:00','0'),(14,1,3,'2023-06-16 18:00:00','0'),(14,1,3,'2023-10-11 12:00:00','0'),(14,1,4,'2023-08-03 15:00:00','0'),(14,1,5,'2023-05-07 22:00:00','0'),(14,1,6,'2023-05-07 16:00:00','0'),(14,1,7,'2023-04-30 15:00:00','0'),(14,1,8,'2023-05-04 20:00:00','0'),(14,1,8,'2023-05-05 17:00:00','0'),(14,1,9,'2023-05-08 20:00:00','0'),(14,1,10,'2023-04-30 18:00:00','0'),(14,1,10,'2023-05-07 14:00:00','0'),(14,1,25,'2023-05-12 19:30:00','0'),(14,1,26,'2023-10-10 23:00:00','0'),(14,1,33,'2023-05-15 23:00:00','0'),(14,2,7,'2023-05-03 12:00:00','0'),(14,2,11,'2023-05-04 20:00:00','0'),(14,2,22,'2023-05-04 13:00:00','0'),(14,2,26,'2023-05-05 20:00:00','0'),(14,2,32,'2023-05-06 20:00:00','0'),(14,2,33,'2023-05-15 18:45:00','0'),(14,3,4,'2023-06-05 15:00:00','0'),(14,3,5,'2023-05-01 16:00:00','0'),(14,3,6,'2023-05-08 23:00:00','0'),(14,3,8,'2023-05-04 20:00:00','0'),(14,3,8,'2023-05-06 21:00:00','0'),(14,3,11,'2023-05-09 16:00:00','0'),(14,3,22,'2023-05-11 15:00:00','0'),(14,3,25,'2023-05-02 20:00:00','0'),(14,3,26,'2023-05-04 12:00:00','0'),(14,3,32,'2023-05-08 21:00:00','0'),(15,1,3,'2022-10-10 23:00:00','0'),(15,1,3,'2023-04-21 11:00:00','0'),(15,1,3,'2023-04-22 20:00:00','0'),(15,1,3,'2023-06-16 18:00:00','0'),(15,1,3,'2023-10-11 12:00:00','0'),(15,1,4,'2023-08-03 15:00:00','0'),(15,1,5,'2023-05-07 22:00:00','0'),(15,1,6,'2023-05-07 16:00:00','0'),(15,1,7,'2023-04-30 15:00:00','0'),(15,1,8,'2023-05-04 20:00:00','0'),(15,1,8,'2023-05-05 17:00:00','0'),(15,1,9,'2023-05-08 20:00:00','0'),(15,1,10,'2023-04-30 18:00:00','0'),(15,1,10,'2023-05-07 14:00:00','0'),(15,1,25,'2023-05-12 19:30:00','0'),(15,1,26,'2023-10-10 23:00:00','0'),(15,1,33,'2023-05-15 23:00:00','0'),(15,2,7,'2023-05-03 12:00:00','0'),(15,2,11,'2023-05-04 20:00:00','0'),(15,2,22,'2023-05-04 13:00:00','0'),(15,2,26,'2023-05-05 20:00:00','0'),(15,2,32,'2023-05-06 20:00:00','0'),(15,2,33,'2023-05-15 18:45:00','0'),(15,3,4,'2023-06-05 15:00:00','0'),(15,3,5,'2023-05-01 16:00:00','0'),(15,3,6,'2023-05-08 23:00:00','0'),(15,3,8,'2023-05-04 20:00:00','0'),(15,3,8,'2023-05-06 21:00:00','0'),(15,3,11,'2023-05-09 16:00:00','0'),(15,3,22,'2023-05-11 15:00:00','0'),(15,3,25,'2023-05-02 20:00:00','0'),(15,3,26,'2023-05-04 12:00:00','0'),(15,3,32,'2023-05-08 21:00:00','0'),(16,1,3,'2022-10-10 23:00:00','0'),(16,1,3,'2023-04-21 11:00:00','0'),(16,1,3,'2023-04-22 20:00:00','0'),(16,1,3,'2023-06-16 18:00:00','0'),(16,1,3,'2023-10-11 12:00:00','0'),(16,1,4,'2023-08-03 15:00:00','0'),(16,1,5,'2023-05-07 22:00:00','0'),(16,1,6,'2023-05-07 16:00:00','0'),(16,1,7,'2023-04-30 15:00:00','0'),(16,1,8,'2023-05-04 20:00:00','0'),(16,1,8,'2023-05-05 17:00:00','0'),(16,1,9,'2023-05-08 20:00:00','0'),(16,1,10,'2023-04-30 18:00:00','0'),(16,1,10,'2023-05-07 14:00:00','0'),(16,1,25,'2023-05-12 19:30:00','0'),(16,1,26,'2023-10-10 23:00:00','0'),(16,1,33,'2023-05-15 23:00:00','0'),(16,2,7,'2023-05-03 12:00:00','0'),(16,2,11,'2023-05-04 20:00:00','0'),(16,2,22,'2023-05-04 13:00:00','0'),(16,2,26,'2023-05-05 20:00:00','0'),(16,2,32,'2023-05-06 20:00:00','0'),(16,2,33,'2023-05-15 18:45:00','0'),(16,3,4,'2023-06-05 15:00:00','0'),(16,3,5,'2023-05-01 16:00:00','0'),(16,3,6,'2023-05-08 23:00:00','0'),(16,3,8,'2023-05-04 20:00:00','0'),(16,3,8,'2023-05-06 21:00:00','0'),(16,3,11,'2023-05-09 16:00:00','0'),(16,3,22,'2023-05-11 15:00:00','0'),(16,3,25,'2023-05-02 20:00:00','0'),(16,3,26,'2023-05-04 12:00:00','0'),(16,3,32,'2023-05-08 21:00:00','0'),(17,1,3,'2022-10-10 23:00:00','0'),(17,1,3,'2023-04-21 11:00:00','0'),(17,1,3,'2023-04-22 20:00:00','0'),(17,1,3,'2023-06-16 18:00:00','0'),(17,1,3,'2023-10-11 12:00:00','0'),(17,1,4,'2023-08-03 15:00:00','0'),(17,1,5,'2023-05-07 22:00:00','0'),(17,1,6,'2023-05-07 16:00:00','0'),(17,1,7,'2023-04-30 15:00:00','0'),(17,1,8,'2023-05-04 20:00:00','0'),(17,1,8,'2023-05-05 17:00:00','0'),(17,1,9,'2023-05-08 20:00:00','0'),(17,1,10,'2023-04-30 18:00:00','0'),(17,1,10,'2023-05-07 14:00:00','0'),(17,1,25,'2023-05-12 19:30:00','0'),(17,1,26,'2023-10-10 23:00:00','0'),(17,1,33,'2023-05-15 23:00:00','0'),(17,2,7,'2023-05-03 12:00:00','0'),(17,2,11,'2023-05-04 20:00:00','0'),(17,2,22,'2023-05-04 13:00:00','0'),(17,2,26,'2023-05-05 20:00:00','0'),(17,2,32,'2023-05-06 20:00:00','0'),(17,2,33,'2023-05-15 18:45:00','0'),(17,3,4,'2023-06-05 15:00:00','0'),(17,3,5,'2023-05-01 16:00:00','0'),(17,3,6,'2023-05-08 23:00:00','0'),(17,3,8,'2023-05-04 20:00:00','0'),(17,3,8,'2023-05-06 21:00:00','0'),(17,3,11,'2023-05-09 16:00:00','0'),(17,3,22,'2023-05-11 15:00:00','0'),(17,3,25,'2023-05-02 20:00:00','0'),(17,3,26,'2023-05-04 12:00:00','0'),(17,3,32,'2023-05-08 21:00:00','0'),(18,1,3,'2022-10-10 23:00:00','0'),(18,1,3,'2023-04-21 11:00:00','0'),(18,1,3,'2023-04-22 20:00:00','0'),(18,1,3,'2023-06-16 18:00:00','0'),(18,1,3,'2023-10-11 12:00:00','0'),(18,1,4,'2023-08-03 15:00:00','0'),(18,1,5,'2023-05-07 22:00:00','0'),(18,1,6,'2023-05-07 16:00:00','0'),(18,1,7,'2023-04-30 15:00:00','0'),(18,1,8,'2023-05-04 20:00:00','0'),(18,1,8,'2023-05-05 17:00:00','0'),(18,1,9,'2023-05-08 20:00:00','0'),(18,1,10,'2023-04-30 18:00:00','0'),(18,1,10,'2023-05-07 14:00:00','0'),(18,1,25,'2023-05-12 19:30:00','0'),(18,1,26,'2023-10-10 23:00:00','0'),(18,1,33,'2023-05-15 23:00:00','0'),(18,2,7,'2023-05-03 12:00:00','0'),(18,2,11,'2023-05-04 20:00:00','0'),(18,2,22,'2023-05-04 13:00:00','0'),(18,2,26,'2023-05-05 20:00:00','0'),(18,2,32,'2023-05-06 20:00:00','0'),(18,2,33,'2023-05-15 18:45:00','0'),(18,3,4,'2023-06-05 15:00:00','0'),(18,3,5,'2023-05-01 16:00:00','0'),(18,3,6,'2023-05-08 23:00:00','0'),(18,3,8,'2023-05-04 20:00:00','0'),(18,3,8,'2023-05-06 21:00:00','0'),(18,3,11,'2023-05-09 16:00:00','0'),(18,3,22,'2023-05-11 15:00:00','0'),(18,3,25,'2023-05-02 20:00:00','0'),(18,3,26,'2023-05-04 12:00:00','0'),(18,3,32,'2023-05-08 21:00:00','0'),(19,1,3,'2022-10-10 23:00:00','0'),(19,1,3,'2023-04-21 11:00:00','0'),(19,1,3,'2023-04-22 20:00:00','0'),(19,1,3,'2023-06-16 18:00:00','0'),(19,1,3,'2023-10-11 12:00:00','0'),(19,1,4,'2023-08-03 15:00:00','0'),(19,1,5,'2023-05-07 22:00:00','0'),(19,1,6,'2023-05-07 16:00:00','0'),(19,1,7,'2023-04-30 15:00:00','0'),(19,1,8,'2023-05-04 20:00:00','0'),(19,1,8,'2023-05-05 17:00:00','0'),(19,1,9,'2023-05-08 20:00:00','0'),(19,1,10,'2023-04-30 18:00:00','0'),(19,1,10,'2023-05-07 14:00:00','0'),(19,1,25,'2023-05-12 19:30:00','0'),(19,1,26,'2023-10-10 23:00:00','0'),(19,1,33,'2023-05-15 23:00:00','0'),(19,2,7,'2023-05-03 12:00:00','0'),(19,2,11,'2023-05-04 20:00:00','0'),(19,2,22,'2023-05-04 13:00:00','0'),(19,2,26,'2023-05-05 20:00:00','0'),(19,2,32,'2023-05-06 20:00:00','0'),(19,2,33,'2023-05-15 18:45:00','0'),(19,3,4,'2023-06-05 15:00:00','0'),(19,3,5,'2023-05-01 16:00:00','0'),(19,3,6,'2023-05-08 23:00:00','0'),(19,3,8,'2023-05-04 20:00:00','0'),(19,3,8,'2023-05-06 21:00:00','0'),(19,3,11,'2023-05-09 16:00:00','0'),(19,3,22,'2023-05-11 15:00:00','0'),(19,3,25,'2023-05-02 20:00:00','0'),(19,3,26,'2023-05-04 12:00:00','0'),(19,3,32,'2023-05-08 21:00:00','0'),(20,1,3,'2022-10-10 23:00:00','0'),(20,1,3,'2023-04-21 11:00:00','0'),(20,1,3,'2023-04-22 20:00:00','0'),(20,1,3,'2023-06-16 18:00:00','0'),(20,1,3,'2023-10-11 12:00:00','0'),(20,1,4,'2023-08-03 15:00:00','0'),(20,1,5,'2023-05-07 22:00:00','0'),(20,1,6,'2023-05-07 16:00:00','0'),(20,1,7,'2023-04-30 15:00:00','0'),(20,1,8,'2023-05-04 20:00:00','0'),(20,1,8,'2023-05-05 17:00:00','0'),(20,1,9,'2023-05-08 20:00:00','0'),(20,1,10,'2023-04-30 18:00:00','0'),(20,1,10,'2023-05-07 14:00:00','0'),(20,1,25,'2023-05-12 19:30:00','0'),(20,1,26,'2023-10-10 23:00:00','0'),(20,1,33,'2023-05-15 23:00:00','0'),(20,2,7,'2023-05-03 12:00:00','0'),(20,2,11,'2023-05-04 20:00:00','0'),(20,2,22,'2023-05-04 13:00:00','0'),(20,2,26,'2023-05-05 20:00:00','0'),(20,2,32,'2023-05-06 20:00:00','0'),(20,2,33,'2023-05-15 18:45:00','0'),(20,3,4,'2023-06-05 15:00:00','0'),(20,3,5,'2023-05-01 16:00:00','0'),(20,3,6,'2023-05-08 23:00:00','0'),(20,3,8,'2023-05-04 20:00:00','0'),(20,3,8,'2023-05-06 21:00:00','0'),(20,3,11,'2023-05-09 16:00:00','0'),(20,3,22,'2023-05-11 15:00:00','0'),(20,3,25,'2023-05-02 20:00:00','0'),(20,3,26,'2023-05-04 12:00:00','0'),(20,3,32,'2023-05-08 21:00:00','0'),(21,1,3,'2022-10-10 23:00:00','0'),(21,1,3,'2023-04-21 11:00:00','0'),(21,1,3,'2023-04-22 20:00:00','0'),(21,1,3,'2023-06-16 18:00:00','0'),(21,1,3,'2023-10-11 12:00:00','0'),(21,1,4,'2023-08-03 15:00:00','0'),(21,1,5,'2023-05-07 22:00:00','0'),(21,1,6,'2023-05-07 16:00:00','0'),(21,1,7,'2023-04-30 15:00:00','0'),(21,1,8,'2023-05-04 20:00:00','0'),(21,1,8,'2023-05-05 17:00:00','0'),(21,1,9,'2023-05-08 20:00:00','0'),(21,1,10,'2023-04-30 18:00:00','0'),(21,1,10,'2023-05-07 14:00:00','0'),(21,1,25,'2023-05-12 19:30:00','0'),(21,1,26,'2023-10-10 23:00:00','0'),(21,1,33,'2023-05-15 23:00:00','0'),(21,2,7,'2023-05-03 12:00:00','0'),(21,2,11,'2023-05-04 20:00:00','0'),(21,2,22,'2023-05-04 13:00:00','0'),(21,2,26,'2023-05-05 20:00:00','0'),(21,2,32,'2023-05-06 20:00:00','0'),(21,2,33,'2023-05-15 18:45:00','0'),(21,3,4,'2023-06-05 15:00:00','0'),(21,3,5,'2023-05-01 16:00:00','0'),(21,3,6,'2023-05-08 23:00:00','0'),(21,3,8,'2023-05-04 20:00:00','0'),(21,3,8,'2023-05-06 21:00:00','0'),(21,3,11,'2023-05-09 16:00:00','0'),(21,3,22,'2023-05-11 15:00:00','0'),(21,3,25,'2023-05-02 20:00:00','0'),(21,3,26,'2023-05-04 12:00:00','0'),(21,3,32,'2023-05-08 21:00:00','0'),(22,1,3,'2022-10-10 23:00:00','0'),(22,1,3,'2023-04-21 11:00:00','0'),(22,1,3,'2023-04-22 20:00:00','0'),(22,1,3,'2023-06-16 18:00:00','0'),(22,1,3,'2023-10-11 12:00:00','0'),(22,1,4,'2023-08-03 15:00:00','0'),(22,1,5,'2023-05-07 22:00:00','0'),(22,1,6,'2023-05-07 16:00:00','0'),(22,1,7,'2023-04-30 15:00:00','0'),(22,1,8,'2023-05-04 20:00:00','0'),(22,1,8,'2023-05-05 17:00:00','0'),(22,1,9,'2023-05-08 20:00:00','0'),(22,1,10,'2023-04-30 18:00:00','0'),(22,1,10,'2023-05-07 14:00:00','0'),(22,1,25,'2023-05-12 19:30:00','0'),(22,1,26,'2023-10-10 23:00:00','0'),(22,1,33,'2023-05-15 23:00:00','0'),(22,2,7,'2023-05-03 12:00:00','0'),(22,2,11,'2023-05-04 20:00:00','0'),(22,2,22,'2023-05-04 13:00:00','0'),(22,2,26,'2023-05-05 20:00:00','0'),(22,2,32,'2023-05-06 20:00:00','0'),(22,2,33,'2023-05-15 18:45:00','0'),(22,3,4,'2023-06-05 15:00:00','0'),(22,3,5,'2023-05-01 16:00:00','0'),(22,3,6,'2023-05-08 23:00:00','0'),(22,3,8,'2023-05-04 20:00:00','0'),(22,3,8,'2023-05-06 21:00:00','0'),(22,3,11,'2023-05-09 16:00:00','0'),(22,3,22,'2023-05-11 15:00:00','0'),(22,3,25,'2023-05-02 20:00:00','0'),(22,3,26,'2023-05-04 12:00:00','0'),(22,3,32,'2023-05-08 21:00:00','0'),(23,1,3,'2022-10-10 23:00:00','0'),(23,1,3,'2023-04-21 11:00:00','0'),(23,1,3,'2023-04-22 20:00:00','0'),(23,1,3,'2023-06-16 18:00:00','0'),(23,1,3,'2023-10-11 12:00:00','0'),(23,1,4,'2023-08-03 15:00:00','0'),(23,1,5,'2023-05-07 22:00:00','0'),(23,1,6,'2023-05-07 16:00:00','0'),(23,1,7,'2023-04-30 15:00:00','0'),(23,1,8,'2023-05-04 20:00:00','0'),(23,1,8,'2023-05-05 17:00:00','0'),(23,1,9,'2023-05-08 20:00:00','0'),(23,1,10,'2023-04-30 18:00:00','0'),(23,1,10,'2023-05-07 14:00:00','0'),(23,1,25,'2023-05-12 19:30:00','0'),(23,1,26,'2023-10-10 23:00:00','0'),(23,1,33,'2023-05-15 23:00:00','0'),(23,2,7,'2023-05-03 12:00:00','0'),(23,2,11,'2023-05-04 20:00:00','0'),(23,2,22,'2023-05-04 13:00:00','0'),(23,2,26,'2023-05-05 20:00:00','0'),(23,2,32,'2023-05-06 20:00:00','0'),(23,2,33,'2023-05-15 18:45:00','0'),(23,3,4,'2023-06-05 15:00:00','0'),(23,3,5,'2023-05-01 16:00:00','0'),(23,3,6,'2023-05-08 23:00:00','0'),(23,3,8,'2023-05-04 20:00:00','0'),(23,3,8,'2023-05-06 21:00:00','0'),(23,3,11,'2023-05-09 16:00:00','0'),(23,3,22,'2023-05-11 15:00:00','0'),(23,3,25,'2023-05-02 20:00:00','0'),(23,3,26,'2023-05-04 12:00:00','0'),(23,3,32,'2023-05-08 21:00:00','0'),(24,1,3,'2022-10-10 23:00:00','0'),(24,1,3,'2023-04-21 11:00:00','0'),(24,1,3,'2023-04-22 20:00:00','0'),(24,1,3,'2023-06-16 18:00:00','0'),(24,1,3,'2023-10-11 12:00:00','0'),(24,1,4,'2023-08-03 15:00:00','0'),(24,1,5,'2023-05-07 22:00:00','0'),(24,1,6,'2023-05-07 16:00:00','0'),(24,1,7,'2023-04-30 15:00:00','0'),(24,1,8,'2023-05-04 20:00:00','0'),(24,1,8,'2023-05-05 17:00:00','0'),(24,1,9,'2023-05-08 20:00:00','0'),(24,1,10,'2023-04-30 18:00:00','0'),(24,1,10,'2023-05-07 14:00:00','0'),(24,1,25,'2023-05-12 19:30:00','0'),(24,1,26,'2023-10-10 23:00:00','0'),(24,1,33,'2023-05-15 23:00:00','0'),(24,2,7,'2023-05-03 12:00:00','0'),(24,2,11,'2023-05-04 20:00:00','0'),(24,2,22,'2023-05-04 13:00:00','0'),(24,2,26,'2023-05-05 20:00:00','0'),(24,2,32,'2023-05-06 20:00:00','0'),(24,2,33,'2023-05-15 18:45:00','0'),(24,3,4,'2023-06-05 15:00:00','0'),(24,3,5,'2023-05-01 16:00:00','0'),(24,3,6,'2023-05-08 23:00:00','0'),(24,3,8,'2023-05-04 20:00:00','0'),(24,3,8,'2023-05-06 21:00:00','0'),(24,3,11,'2023-05-09 16:00:00','0'),(24,3,22,'2023-05-11 15:00:00','0'),(24,3,25,'2023-05-02 20:00:00','0'),(24,3,26,'2023-05-04 12:00:00','0'),(24,3,32,'2023-05-08 21:00:00','0'),(25,1,3,'2022-10-10 23:00:00','0'),(25,1,3,'2023-04-21 11:00:00','0'),(25,1,3,'2023-04-22 20:00:00','0'),(25,1,3,'2023-06-16 18:00:00','0'),(25,1,3,'2023-10-11 12:00:00','0'),(25,1,4,'2023-08-03 15:00:00','0'),(25,1,5,'2023-05-07 22:00:00','0'),(25,1,6,'2023-05-07 16:00:00','0'),(25,1,7,'2023-04-30 15:00:00','0'),(25,1,8,'2023-05-04 20:00:00','0'),(25,1,8,'2023-05-05 17:00:00','0'),(25,1,9,'2023-05-08 20:00:00','0'),(25,1,10,'2023-04-30 18:00:00','0'),(25,1,10,'2023-05-07 14:00:00','0'),(25,1,25,'2023-05-12 19:30:00','0'),(25,1,26,'2023-10-10 23:00:00','0'),(25,1,33,'2023-05-15 23:00:00','0'),(25,2,7,'2023-05-03 12:00:00','0'),(25,2,11,'2023-05-04 20:00:00','0'),(25,2,22,'2023-05-04 13:00:00','0'),(25,2,26,'2023-05-05 20:00:00','0'),(25,2,32,'2023-05-06 20:00:00','0'),(25,2,33,'2023-05-15 18:45:00','0'),(25,3,4,'2023-06-05 15:00:00','0'),(25,3,5,'2023-05-01 16:00:00','0'),(25,3,6,'2023-05-08 23:00:00','0'),(25,3,8,'2023-05-04 20:00:00','0'),(25,3,8,'2023-05-06 21:00:00','0'),(25,3,11,'2023-05-09 16:00:00','0'),(25,3,22,'2023-05-11 15:00:00','0'),(25,3,25,'2023-05-02 20:00:00','0'),(25,3,26,'2023-05-04 12:00:00','0'),(25,3,32,'2023-05-08 21:00:00','0'),(26,1,3,'2022-10-10 23:00:00','0'),(26,1,3,'2023-04-21 11:00:00','0'),(26,1,3,'2023-04-22 20:00:00','0'),(26,1,3,'2023-06-16 18:00:00','0'),(26,1,3,'2023-10-11 12:00:00','0'),(26,1,4,'2023-08-03 15:00:00','0'),(26,1,5,'2023-05-07 22:00:00','0'),(26,1,6,'2023-05-07 16:00:00','0'),(26,1,7,'2023-04-30 15:00:00','0'),(26,1,8,'2023-05-04 20:00:00','0'),(26,1,8,'2023-05-05 17:00:00','0'),(26,1,9,'2023-05-08 20:00:00','0'),(26,1,10,'2023-04-30 18:00:00','0'),(26,1,10,'2023-05-07 14:00:00','0'),(26,1,25,'2023-05-12 19:30:00','0'),(26,1,26,'2023-10-10 23:00:00','0'),(26,1,33,'2023-05-15 23:00:00','0'),(26,2,7,'2023-05-03 12:00:00','0'),(26,2,11,'2023-05-04 20:00:00','0'),(26,2,22,'2023-05-04 13:00:00','0'),(26,2,26,'2023-05-05 20:00:00','0'),(26,2,32,'2023-05-06 20:00:00','0'),(26,2,33,'2023-05-15 18:45:00','0'),(26,3,4,'2023-06-05 15:00:00','0'),(26,3,5,'2023-05-01 16:00:00','0'),(26,3,6,'2023-05-08 23:00:00','0'),(26,3,8,'2023-05-04 20:00:00','0'),(26,3,8,'2023-05-06 21:00:00','0'),(26,3,11,'2023-05-09 16:00:00','0'),(26,3,22,'2023-05-11 15:00:00','0'),(26,3,25,'2023-05-02 20:00:00','0'),(26,3,26,'2023-05-04 12:00:00','0'),(26,3,32,'2023-05-08 21:00:00','0'),(27,1,3,'2022-10-10 23:00:00','0'),(27,1,3,'2023-04-21 11:00:00','0'),(27,1,3,'2023-04-22 20:00:00','0'),(27,1,3,'2023-06-16 18:00:00','0'),(27,1,3,'2023-10-11 12:00:00','0'),(27,1,4,'2023-08-03 15:00:00','0'),(27,1,5,'2023-05-07 22:00:00','0'),(27,1,6,'2023-05-07 16:00:00','0'),(27,1,7,'2023-04-30 15:00:00','0'),(27,1,8,'2023-05-04 20:00:00','0'),(27,1,8,'2023-05-05 17:00:00','0'),(27,1,9,'2023-05-08 20:00:00','0'),(27,1,10,'2023-04-30 18:00:00','0'),(27,1,10,'2023-05-07 14:00:00','0'),(27,1,25,'2023-05-12 19:30:00','0'),(27,1,26,'2023-10-10 23:00:00','0'),(27,1,33,'2023-05-15 23:00:00','0'),(27,2,7,'2023-05-03 12:00:00','0'),(27,2,11,'2023-05-04 20:00:00','0'),(27,2,22,'2023-05-04 13:00:00','0'),(27,2,26,'2023-05-05 20:00:00','0'),(27,2,32,'2023-05-06 20:00:00','0'),(27,2,33,'2023-05-15 18:45:00','0'),(27,3,4,'2023-06-05 15:00:00','0'),(27,3,5,'2023-05-01 16:00:00','0'),(27,3,6,'2023-05-08 23:00:00','0'),(27,3,8,'2023-05-04 20:00:00','0'),(27,3,8,'2023-05-06 21:00:00','0'),(27,3,11,'2023-05-09 16:00:00','0'),(27,3,22,'2023-05-11 15:00:00','0'),(27,3,25,'2023-05-02 20:00:00','0'),(27,3,26,'2023-05-04 12:00:00','0'),(27,3,32,'2023-05-08 21:00:00','0'),(28,1,3,'2022-10-10 23:00:00','0'),(28,1,3,'2023-04-21 11:00:00','0'),(28,1,3,'2023-04-22 20:00:00','0'),(28,1,3,'2023-06-16 18:00:00','0'),(28,1,3,'2023-10-11 12:00:00','0'),(28,1,4,'2023-08-03 15:00:00','0'),(28,1,5,'2023-05-07 22:00:00','0'),(28,1,6,'2023-05-07 16:00:00','0'),(28,1,7,'2023-04-30 15:00:00','0'),(28,1,8,'2023-05-04 20:00:00','0'),(28,1,8,'2023-05-05 17:00:00','0'),(28,1,9,'2023-05-08 20:00:00','0'),(28,1,10,'2023-04-30 18:00:00','0'),(28,1,10,'2023-05-07 14:00:00','0'),(28,1,25,'2023-05-12 19:30:00','0'),(28,1,26,'2023-10-10 23:00:00','0'),(28,1,33,'2023-05-15 23:00:00','0'),(28,2,7,'2023-05-03 12:00:00','0'),(28,2,11,'2023-05-04 20:00:00','0'),(28,2,22,'2023-05-04 13:00:00','0'),(28,2,26,'2023-05-05 20:00:00','0'),(28,2,32,'2023-05-06 20:00:00','0'),(28,2,33,'2023-05-15 18:45:00','0'),(28,3,4,'2023-06-05 15:00:00','0'),(28,3,5,'2023-05-01 16:00:00','0'),(28,3,6,'2023-05-08 23:00:00','0'),(28,3,8,'2023-05-04 20:00:00','0'),(28,3,8,'2023-05-06 21:00:00','0'),(28,3,11,'2023-05-09 16:00:00','0'),(28,3,22,'2023-05-11 15:00:00','0'),(28,3,25,'2023-05-02 20:00:00','0'),(28,3,26,'2023-05-04 12:00:00','0'),(28,3,32,'2023-05-08 21:00:00','0'),(29,1,3,'2022-10-10 23:00:00','0'),(29,1,3,'2023-04-21 11:00:00','0'),(29,1,3,'2023-04-22 20:00:00','0'),(29,1,3,'2023-06-16 18:00:00','0'),(29,1,3,'2023-10-11 12:00:00','0'),(29,1,4,'2023-08-03 15:00:00','0'),(29,1,5,'2023-05-07 22:00:00','0'),(29,1,6,'2023-05-07 16:00:00','0'),(29,1,7,'2023-04-30 15:00:00','0'),(29,1,8,'2023-05-04 20:00:00','0'),(29,1,8,'2023-05-05 17:00:00','0'),(29,1,9,'2023-05-08 20:00:00','0'),(29,1,10,'2023-04-30 18:00:00','0'),(29,1,10,'2023-05-07 14:00:00','0'),(29,1,25,'2023-05-12 19:30:00','0'),(29,1,26,'2023-10-10 23:00:00','0'),(29,1,33,'2023-05-15 23:00:00','0'),(29,2,7,'2023-05-03 12:00:00','0'),(29,2,11,'2023-05-04 20:00:00','0'),(29,2,22,'2023-05-04 13:00:00','0'),(29,2,26,'2023-05-05 20:00:00','0'),(29,2,32,'2023-05-06 20:00:00','0'),(29,2,33,'2023-05-15 18:45:00','0'),(29,3,4,'2023-06-05 15:00:00','0'),(29,3,5,'2023-05-01 16:00:00','0'),(29,3,6,'2023-05-08 23:00:00','0'),(29,3,8,'2023-05-04 20:00:00','0'),(29,3,8,'2023-05-06 21:00:00','0'),(29,3,11,'2023-05-09 16:00:00','0'),(29,3,22,'2023-05-11 15:00:00','0'),(29,3,25,'2023-05-02 20:00:00','0'),(29,3,26,'2023-05-04 12:00:00','0'),(29,3,32,'2023-05-08 21:00:00','0'),(30,1,3,'2022-10-10 23:00:00','0'),(30,1,3,'2023-04-21 11:00:00','0'),(30,1,3,'2023-04-22 20:00:00','0'),(30,1,3,'2023-06-16 18:00:00','0'),(30,1,3,'2023-10-11 12:00:00','0'),(30,1,4,'2023-08-03 15:00:00','0'),(30,1,5,'2023-05-07 22:00:00','0'),(30,1,6,'2023-05-07 16:00:00','0'),(30,1,7,'2023-04-30 15:00:00','0'),(30,1,8,'2023-05-04 20:00:00','0'),(30,1,8,'2023-05-05 17:00:00','0'),(30,1,9,'2023-05-08 20:00:00','0'),(30,1,10,'2023-04-30 18:00:00','0'),(30,1,10,'2023-05-07 14:00:00','0'),(30,1,25,'2023-05-12 19:30:00','0'),(30,1,26,'2023-10-10 23:00:00','0'),(30,1,33,'2023-05-15 23:00:00','0'),(30,2,7,'2023-05-03 12:00:00','0'),(30,2,11,'2023-05-04 20:00:00','0'),(30,2,22,'2023-05-04 13:00:00','0'),(30,2,26,'2023-05-05 20:00:00','0'),(30,2,32,'2023-05-06 20:00:00','0'),(30,2,33,'2023-05-15 18:45:00','0'),(30,3,4,'2023-06-05 15:00:00','0'),(30,3,5,'2023-05-01 16:00:00','0'),(30,3,6,'2023-05-08 23:00:00','0'),(30,3,8,'2023-05-04 20:00:00','0'),(30,3,8,'2023-05-06 21:00:00','0'),(30,3,11,'2023-05-09 16:00:00','0'),(30,3,22,'2023-05-11 15:00:00','0'),(30,3,25,'2023-05-02 20:00:00','0'),(30,3,26,'2023-05-04 12:00:00','0'),(30,3,32,'2023-05-08 21:00:00','0'),(31,1,3,'2022-10-10 23:00:00','0'),(31,1,3,'2023-04-21 11:00:00','0'),(31,1,3,'2023-04-22 20:00:00','0'),(31,1,3,'2023-06-16 18:00:00','0'),(31,1,3,'2023-10-11 12:00:00','0'),(31,1,4,'2023-08-03 15:00:00','0'),(31,1,5,'2023-05-07 22:00:00','0'),(31,1,6,'2023-05-07 16:00:00','0'),(31,1,7,'2023-04-30 15:00:00','0'),(31,1,8,'2023-05-04 20:00:00','0'),(31,1,8,'2023-05-05 17:00:00','0'),(31,1,9,'2023-05-08 20:00:00','0'),(31,1,10,'2023-04-30 18:00:00','0'),(31,1,10,'2023-05-07 14:00:00','0'),(31,1,25,'2023-05-12 19:30:00','0'),(31,1,26,'2023-10-10 23:00:00','0'),(31,1,33,'2023-05-15 23:00:00','0'),(31,2,7,'2023-05-03 12:00:00','0'),(31,2,11,'2023-05-04 20:00:00','0'),(31,2,22,'2023-05-04 13:00:00','0'),(31,2,26,'2023-05-05 20:00:00','0'),(31,2,32,'2023-05-06 20:00:00','0'),(31,2,33,'2023-05-15 18:45:00','0'),(31,3,4,'2023-06-05 15:00:00','0'),(31,3,5,'2023-05-01 16:00:00','0'),(31,3,6,'2023-05-08 23:00:00','0'),(31,3,8,'2023-05-04 20:00:00','0'),(31,3,8,'2023-05-06 21:00:00','0'),(31,3,11,'2023-05-09 16:00:00','0'),(31,3,22,'2023-05-11 15:00:00','0'),(31,3,25,'2023-05-02 20:00:00','0'),(31,3,26,'2023-05-04 12:00:00','0'),(31,3,32,'2023-05-08 21:00:00','0'),(32,1,3,'2022-10-10 23:00:00','0'),(32,1,3,'2023-04-21 11:00:00','0'),(32,1,3,'2023-04-22 20:00:00','0'),(32,1,3,'2023-06-16 18:00:00','0'),(32,1,3,'2023-10-11 12:00:00','0'),(32,1,4,'2023-08-03 15:00:00','0'),(32,1,5,'2023-05-07 22:00:00','0'),(32,1,6,'2023-05-07 16:00:00','0'),(32,1,7,'2023-04-30 15:00:00','0'),(32,1,8,'2023-05-04 20:00:00','0'),(32,1,8,'2023-05-05 17:00:00','0'),(32,1,9,'2023-05-08 20:00:00','0'),(32,1,10,'2023-04-30 18:00:00','0'),(32,1,10,'2023-05-07 14:00:00','0'),(32,1,25,'2023-05-12 19:30:00','0'),(32,1,26,'2023-10-10 23:00:00','0'),(32,1,33,'2023-05-15 23:00:00','0'),(32,2,7,'2023-05-03 12:00:00','0'),(32,2,11,'2023-05-04 20:00:00','0'),(32,2,22,'2023-05-04 13:00:00','0'),(32,2,26,'2023-05-05 20:00:00','0'),(32,2,32,'2023-05-06 20:00:00','0'),(32,2,33,'2023-05-15 18:45:00','0'),(32,3,4,'2023-06-05 15:00:00','0'),(32,3,5,'2023-05-01 16:00:00','0'),(32,3,6,'2023-05-08 23:00:00','0'),(32,3,8,'2023-05-04 20:00:00','0'),(32,3,8,'2023-05-06 21:00:00','0'),(32,3,11,'2023-05-09 16:00:00','0'),(32,3,22,'2023-05-11 15:00:00','0'),(32,3,25,'2023-05-02 20:00:00','0'),(32,3,26,'2023-05-04 12:00:00','0'),(32,3,32,'2023-05-08 21:00:00','0'),(33,1,3,'2022-10-10 23:00:00','0'),(33,1,3,'2023-04-21 11:00:00','0'),(33,1,3,'2023-04-22 20:00:00','0'),(33,1,3,'2023-06-16 18:00:00','0'),(33,1,3,'2023-10-11 12:00:00','0'),(33,1,4,'2023-08-03 15:00:00','0'),(33,1,5,'2023-05-07 22:00:00','0'),(33,1,6,'2023-05-07 16:00:00','0'),(33,1,7,'2023-04-30 15:00:00','0'),(33,1,8,'2023-05-04 20:00:00','0'),(33,1,8,'2023-05-05 17:00:00','0'),(33,1,9,'2023-05-08 20:00:00','0'),(33,1,10,'2023-04-30 18:00:00','0'),(33,1,10,'2023-05-07 14:00:00','0'),(33,1,25,'2023-05-12 19:30:00','0'),(33,1,26,'2023-10-10 23:00:00','0'),(33,1,33,'2023-05-15 23:00:00','0'),(33,2,7,'2023-05-03 12:00:00','0'),(33,2,11,'2023-05-04 20:00:00','0'),(33,2,22,'2023-05-04 13:00:00','0'),(33,2,26,'2023-05-05 20:00:00','0'),(33,2,32,'2023-05-06 20:00:00','0'),(33,2,33,'2023-05-15 18:45:00','0'),(33,3,4,'2023-06-05 15:00:00','0'),(33,3,5,'2023-05-01 16:00:00','0'),(33,3,6,'2023-05-08 23:00:00','0'),(33,3,8,'2023-05-04 20:00:00','0'),(33,3,8,'2023-05-06 21:00:00','0'),(33,3,11,'2023-05-09 16:00:00','0'),(33,3,22,'2023-05-11 15:00:00','0'),(33,3,25,'2023-05-02 20:00:00','0'),(33,3,26,'2023-05-04 12:00:00','0'),(33,3,32,'2023-05-08 21:00:00','0'),(34,1,3,'2022-10-10 23:00:00','0'),(34,1,3,'2023-04-21 11:00:00','0'),(34,1,3,'2023-04-22 20:00:00','0'),(34,1,3,'2023-06-16 18:00:00','0'),(34,1,3,'2023-10-11 12:00:00','0'),(34,1,4,'2023-08-03 15:00:00','0'),(34,1,5,'2023-05-07 22:00:00','0'),(34,1,6,'2023-05-07 16:00:00','0'),(34,1,7,'2023-04-30 15:00:00','0'),(34,1,8,'2023-05-04 20:00:00','0'),(34,1,8,'2023-05-05 17:00:00','0'),(34,1,9,'2023-05-08 20:00:00','0'),(34,1,10,'2023-04-30 18:00:00','0'),(34,1,10,'2023-05-07 14:00:00','0'),(34,1,25,'2023-05-12 19:30:00','0'),(34,1,26,'2023-10-10 23:00:00','0'),(34,1,33,'2023-05-15 23:00:00','0'),(34,2,7,'2023-05-03 12:00:00','0'),(34,2,11,'2023-05-04 20:00:00','0'),(34,2,22,'2023-05-04 13:00:00','0'),(34,2,26,'2023-05-05 20:00:00','0'),(34,2,32,'2023-05-06 20:00:00','0'),(34,2,33,'2023-05-15 18:45:00','0'),(34,3,4,'2023-06-05 15:00:00','0'),(34,3,5,'2023-05-01 16:00:00','0'),(34,3,6,'2023-05-08 23:00:00','0'),(34,3,8,'2023-05-04 20:00:00','0'),(34,3,8,'2023-05-06 21:00:00','0'),(34,3,11,'2023-05-09 16:00:00','0'),(34,3,22,'2023-05-11 15:00:00','0'),(34,3,25,'2023-05-02 20:00:00','0'),(34,3,26,'2023-05-04 12:00:00','0'),(34,3,32,'2023-05-08 21:00:00','0'),(35,1,3,'2022-10-10 23:00:00','0'),(35,1,3,'2023-04-21 11:00:00','0'),(35,1,3,'2023-04-22 20:00:00','0'),(35,1,3,'2023-06-16 18:00:00','0'),(35,1,3,'2023-10-11 12:00:00','0'),(35,1,4,'2023-08-03 15:00:00','0'),(35,1,5,'2023-05-07 22:00:00','0'),(35,1,6,'2023-05-07 16:00:00','0'),(35,1,7,'2023-04-30 15:00:00','0'),(35,1,8,'2023-05-04 20:00:00','0'),(35,1,8,'2023-05-05 17:00:00','0'),(35,1,9,'2023-05-08 20:00:00','0'),(35,1,10,'2023-04-30 18:00:00','0'),(35,1,10,'2023-05-07 14:00:00','0'),(35,1,25,'2023-05-12 19:30:00','0'),(35,1,26,'2023-10-10 23:00:00','0'),(35,1,33,'2023-05-15 23:00:00','0'),(35,2,7,'2023-05-03 12:00:00','0'),(35,2,11,'2023-05-04 20:00:00','0'),(35,2,22,'2023-05-04 13:00:00','0'),(35,2,26,'2023-05-05 20:00:00','0'),(35,2,32,'2023-05-06 20:00:00','0'),(35,2,33,'2023-05-15 18:45:00','0'),(35,3,4,'2023-06-05 15:00:00','0'),(35,3,5,'2023-05-01 16:00:00','0'),(35,3,6,'2023-05-08 23:00:00','0'),(35,3,8,'2023-05-04 20:00:00','0'),(35,3,8,'2023-05-06 21:00:00','0'),(35,3,11,'2023-05-09 16:00:00','0'),(35,3,22,'2023-05-11 15:00:00','0'),(35,3,25,'2023-05-02 20:00:00','0'),(35,3,26,'2023-05-04 12:00:00','0'),(35,3,32,'2023-05-08 21:00:00','0'),(36,1,3,'2022-10-10 23:00:00','0'),(36,1,3,'2023-04-21 11:00:00','0'),(36,1,3,'2023-04-22 20:00:00','0'),(36,1,3,'2023-06-16 18:00:00','0'),(36,1,3,'2023-10-11 12:00:00','0'),(36,1,4,'2023-08-03 15:00:00','0'),(36,1,5,'2023-05-07 22:00:00','0'),(36,1,6,'2023-05-07 16:00:00','0'),(36,1,7,'2023-04-30 15:00:00','0'),(36,1,8,'2023-05-04 20:00:00','0'),(36,1,8,'2023-05-05 17:00:00','0'),(36,1,9,'2023-05-08 20:00:00','0'),(36,1,10,'2023-04-30 18:00:00','0'),(36,1,10,'2023-05-07 14:00:00','0'),(36,1,25,'2023-05-12 19:30:00','0'),(36,1,26,'2023-10-10 23:00:00','0'),(36,1,33,'2023-05-15 23:00:00','0'),(36,2,7,'2023-05-03 12:00:00','0'),(36,2,11,'2023-05-04 20:00:00','0'),(36,2,22,'2023-05-04 13:00:00','0'),(36,2,26,'2023-05-05 20:00:00','0'),(36,2,32,'2023-05-06 20:00:00','0'),(36,2,33,'2023-05-15 18:45:00','0'),(36,3,4,'2023-06-05 15:00:00','0'),(36,3,5,'2023-05-01 16:00:00','0'),(36,3,6,'2023-05-08 23:00:00','0'),(36,3,8,'2023-05-04 20:00:00','0'),(36,3,8,'2023-05-06 21:00:00','0'),(36,3,11,'2023-05-09 16:00:00','0'),(36,3,22,'2023-05-11 15:00:00','0'),(36,3,25,'2023-05-02 20:00:00','0'),(36,3,26,'2023-05-04 12:00:00','0'),(36,3,32,'2023-05-08 21:00:00','0'),(37,1,3,'2022-10-10 23:00:00','0'),(37,1,3,'2023-04-21 11:00:00','0'),(37,1,3,'2023-04-22 20:00:00','0'),(37,1,3,'2023-06-16 18:00:00','0'),(37,1,3,'2023-10-11 12:00:00','0'),(37,1,4,'2023-08-03 15:00:00','0'),(37,1,5,'2023-05-07 22:00:00','0'),(37,1,6,'2023-05-07 16:00:00','0'),(37,1,7,'2023-04-30 15:00:00','0'),(37,1,8,'2023-05-04 20:00:00','0'),(37,1,8,'2023-05-05 17:00:00','0'),(37,1,9,'2023-05-08 20:00:00','0'),(37,1,10,'2023-04-30 18:00:00','0'),(37,1,10,'2023-05-07 14:00:00','0'),(37,1,25,'2023-05-12 19:30:00','0'),(37,1,26,'2023-10-10 23:00:00','0'),(37,1,33,'2023-05-15 23:00:00','0'),(37,2,7,'2023-05-03 12:00:00','0'),(37,2,11,'2023-05-04 20:00:00','0'),(37,2,22,'2023-05-04 13:00:00','0'),(37,2,26,'2023-05-05 20:00:00','0'),(37,2,32,'2023-05-06 20:00:00','0'),(37,2,33,'2023-05-15 18:45:00','0'),(37,3,4,'2023-06-05 15:00:00','0'),(37,3,5,'2023-05-01 16:00:00','0'),(37,3,6,'2023-05-08 23:00:00','0'),(37,3,8,'2023-05-04 20:00:00','0'),(37,3,8,'2023-05-06 21:00:00','0'),(37,3,11,'2023-05-09 16:00:00','0'),(37,3,22,'2023-05-11 15:00:00','0'),(37,3,25,'2023-05-02 20:00:00','0'),(37,3,26,'2023-05-04 12:00:00','0'),(37,3,32,'2023-05-08 21:00:00','0'),(38,1,3,'2022-10-10 23:00:00','0'),(38,1,3,'2023-04-21 11:00:00','0'),(38,1,3,'2023-04-22 20:00:00','0'),(38,1,3,'2023-06-16 18:00:00','0'),(38,1,3,'2023-10-11 12:00:00','0'),(38,1,4,'2023-08-03 15:00:00','0'),(38,1,5,'2023-05-07 22:00:00','0'),(38,1,6,'2023-05-07 16:00:00','0'),(38,1,7,'2023-04-30 15:00:00','0'),(38,1,8,'2023-05-04 20:00:00','0'),(38,1,8,'2023-05-05 17:00:00','0'),(38,1,9,'2023-05-08 20:00:00','0'),(38,1,10,'2023-04-30 18:00:00','0'),(38,1,10,'2023-05-07 14:00:00','0'),(38,1,25,'2023-05-12 19:30:00','0'),(38,1,26,'2023-10-10 23:00:00','0'),(38,1,33,'2023-05-15 23:00:00','0'),(38,2,7,'2023-05-03 12:00:00','0'),(38,2,11,'2023-05-04 20:00:00','0'),(38,2,22,'2023-05-04 13:00:00','0'),(38,2,26,'2023-05-05 20:00:00','0'),(38,2,32,'2023-05-06 20:00:00','0'),(38,2,33,'2023-05-15 18:45:00','0'),(38,3,4,'2023-06-05 15:00:00','0'),(38,3,5,'2023-05-01 16:00:00','0'),(38,3,6,'2023-05-08 23:00:00','0'),(38,3,8,'2023-05-04 20:00:00','0'),(38,3,8,'2023-05-06 21:00:00','0'),(38,3,11,'2023-05-09 16:00:00','0'),(38,3,22,'2023-05-11 15:00:00','0'),(38,3,25,'2023-05-02 20:00:00','0'),(38,3,26,'2023-05-04 12:00:00','0'),(38,3,32,'2023-05-08 21:00:00','0'),(39,1,3,'2022-10-10 23:00:00','0'),(39,1,3,'2023-04-21 11:00:00','0'),(39,1,3,'2023-04-22 20:00:00','0'),(39,1,3,'2023-06-16 18:00:00','0'),(39,1,3,'2023-10-11 12:00:00','0'),(39,1,4,'2023-08-03 15:00:00','0'),(39,1,5,'2023-05-07 22:00:00','0'),(39,1,6,'2023-05-07 16:00:00','0'),(39,1,7,'2023-04-30 15:00:00','0'),(39,1,8,'2023-05-04 20:00:00','0'),(39,1,8,'2023-05-05 17:00:00','0'),(39,1,9,'2023-05-08 20:00:00','0'),(39,1,10,'2023-04-30 18:00:00','0'),(39,1,10,'2023-05-07 14:00:00','0'),(39,1,25,'2023-05-12 19:30:00','0'),(39,1,26,'2023-10-10 23:00:00','0'),(39,1,33,'2023-05-15 23:00:00','0'),(39,2,7,'2023-05-03 12:00:00','0'),(39,2,11,'2023-05-04 20:00:00','0'),(39,2,22,'2023-05-04 13:00:00','0'),(39,2,26,'2023-05-05 20:00:00','0'),(39,2,32,'2023-05-06 20:00:00','0'),(39,2,33,'2023-05-15 18:45:00','0'),(39,3,4,'2023-06-05 15:00:00','0'),(39,3,5,'2023-05-01 16:00:00','0'),(39,3,6,'2023-05-08 23:00:00','0'),(39,3,8,'2023-05-04 20:00:00','0'),(39,3,8,'2023-05-06 21:00:00','0'),(39,3,11,'2023-05-09 16:00:00','0'),(39,3,22,'2023-05-11 15:00:00','0'),(39,3,25,'2023-05-02 20:00:00','0'),(39,3,26,'2023-05-04 12:00:00','0'),(39,3,32,'2023-05-08 21:00:00','0'),(40,1,3,'2022-10-10 23:00:00','0'),(40,1,3,'2023-04-21 11:00:00','0'),(40,1,3,'2023-04-22 20:00:00','0'),(40,1,3,'2023-06-16 18:00:00','0'),(40,1,3,'2023-10-11 12:00:00','0'),(40,1,4,'2023-08-03 15:00:00','0'),(40,1,5,'2023-05-07 22:00:00','0'),(40,1,6,'2023-05-07 16:00:00','0'),(40,1,7,'2023-04-30 15:00:00','0'),(40,1,8,'2023-05-04 20:00:00','0'),(40,1,8,'2023-05-05 17:00:00','0'),(40,1,9,'2023-05-08 20:00:00','0'),(40,1,10,'2023-04-30 18:00:00','0'),(40,1,10,'2023-05-07 14:00:00','0'),(40,1,25,'2023-05-12 19:30:00','0'),(40,1,26,'2023-10-10 23:00:00','0'),(40,1,33,'2023-05-15 23:00:00','0'),(40,2,7,'2023-05-03 12:00:00','0'),(40,2,11,'2023-05-04 20:00:00','0'),(40,2,22,'2023-05-04 13:00:00','0'),(40,2,26,'2023-05-05 20:00:00','0'),(40,2,32,'2023-05-06 20:00:00','0'),(40,2,33,'2023-05-15 18:45:00','0'),(40,3,4,'2023-06-05 15:00:00','0'),(40,3,5,'2023-05-01 16:00:00','0'),(40,3,6,'2023-05-08 23:00:00','0'),(40,3,8,'2023-05-04 20:00:00','0'),(40,3,8,'2023-05-06 21:00:00','0'),(40,3,11,'2023-05-09 16:00:00','0'),(40,3,22,'2023-05-11 15:00:00','0'),(40,3,25,'2023-05-02 20:00:00','0'),(40,3,26,'2023-05-04 12:00:00','0'),(40,3,32,'2023-05-08 21:00:00','0'),(41,1,3,'2022-10-10 23:00:00','0'),(41,1,3,'2023-04-21 11:00:00','0'),(41,1,3,'2023-04-22 20:00:00','0'),(41,1,3,'2023-06-16 18:00:00','0'),(41,1,3,'2023-10-11 12:00:00','0'),(41,1,4,'2023-08-03 15:00:00','0'),(41,1,5,'2023-05-07 22:00:00','0'),(41,1,6,'2023-05-07 16:00:00','0'),(41,1,7,'2023-04-30 15:00:00','0'),(41,1,8,'2023-05-04 20:00:00','0'),(41,1,8,'2023-05-05 17:00:00','0'),(41,1,9,'2023-05-08 20:00:00','0'),(41,1,10,'2023-04-30 18:00:00','0'),(41,1,10,'2023-05-07 14:00:00','0'),(41,1,25,'2023-05-12 19:30:00','0'),(41,1,26,'2023-10-10 23:00:00','0'),(41,1,33,'2023-05-15 23:00:00','0'),(41,2,7,'2023-05-03 12:00:00','0'),(41,2,11,'2023-05-04 20:00:00','0'),(41,2,22,'2023-05-04 13:00:00','0'),(41,2,26,'2023-05-05 20:00:00','0'),(41,2,32,'2023-05-06 20:00:00','0'),(41,2,33,'2023-05-15 18:45:00','0'),(41,3,4,'2023-06-05 15:00:00','0'),(41,3,5,'2023-05-01 16:00:00','0'),(41,3,6,'2023-05-08 23:00:00','0'),(41,3,8,'2023-05-04 20:00:00','0'),(41,3,8,'2023-05-06 21:00:00','0'),(41,3,11,'2023-05-09 16:00:00','0'),(41,3,22,'2023-05-11 15:00:00','0'),(41,3,25,'2023-05-02 20:00:00','0'),(41,3,26,'2023-05-04 12:00:00','0'),(41,3,32,'2023-05-08 21:00:00','0'),(42,1,3,'2022-10-10 23:00:00','0'),(42,1,3,'2023-04-21 11:00:00','0'),(42,1,3,'2023-04-22 20:00:00','0'),(42,1,3,'2023-06-16 18:00:00','0'),(42,1,3,'2023-10-11 12:00:00','0'),(42,1,4,'2023-08-03 15:00:00','0'),(42,1,5,'2023-05-07 22:00:00','0'),(42,1,6,'2023-05-07 16:00:00','0'),(42,1,7,'2023-04-30 15:00:00','0'),(42,1,8,'2023-05-04 20:00:00','0'),(42,1,8,'2023-05-05 17:00:00','0'),(42,1,9,'2023-05-08 20:00:00','0'),(42,1,10,'2023-04-30 18:00:00','0'),(42,1,10,'2023-05-07 14:00:00','0'),(42,1,25,'2023-05-12 19:30:00','0'),(42,1,26,'2023-10-10 23:00:00','0'),(42,1,33,'2023-05-15 23:00:00','0'),(42,2,7,'2023-05-03 12:00:00','0'),(42,2,11,'2023-05-04 20:00:00','0'),(42,2,22,'2023-05-04 13:00:00','0'),(42,2,26,'2023-05-05 20:00:00','0'),(42,2,32,'2023-05-06 20:00:00','0'),(42,2,33,'2023-05-15 18:45:00','0'),(42,3,4,'2023-06-05 15:00:00','0'),(42,3,5,'2023-05-01 16:00:00','0'),(42,3,6,'2023-05-08 23:00:00','0'),(42,3,8,'2023-05-04 20:00:00','0'),(42,3,8,'2023-05-06 21:00:00','0'),(42,3,11,'2023-05-09 16:00:00','0'),(42,3,22,'2023-05-11 15:00:00','0'),(42,3,25,'2023-05-02 20:00:00','0'),(42,3,26,'2023-05-04 12:00:00','0'),(42,3,32,'2023-05-08 21:00:00','0'),(43,1,3,'2022-10-10 23:00:00','0'),(43,1,3,'2023-04-21 11:00:00','0'),(43,1,3,'2023-04-22 20:00:00','0'),(43,1,3,'2023-06-16 18:00:00','0'),(43,1,3,'2023-10-11 12:00:00','0'),(43,1,4,'2023-08-03 15:00:00','0'),(43,1,5,'2023-05-07 22:00:00','0'),(43,1,6,'2023-05-07 16:00:00','0'),(43,1,7,'2023-04-30 15:00:00','0'),(43,1,8,'2023-05-04 20:00:00','0'),(43,1,8,'2023-05-05 17:00:00','0'),(43,1,9,'2023-05-08 20:00:00','0'),(43,1,10,'2023-04-30 18:00:00','0'),(43,1,10,'2023-05-07 14:00:00','0'),(43,1,25,'2023-05-12 19:30:00','0'),(43,1,26,'2023-10-10 23:00:00','0'),(43,1,33,'2023-05-15 23:00:00','0'),(43,2,7,'2023-05-03 12:00:00','0'),(43,2,11,'2023-05-04 20:00:00','0'),(43,2,22,'2023-05-04 13:00:00','0'),(43,2,26,'2023-05-05 20:00:00','0'),(43,2,32,'2023-05-06 20:00:00','0'),(43,2,33,'2023-05-15 18:45:00','0'),(43,3,4,'2023-06-05 15:00:00','0'),(43,3,5,'2023-05-01 16:00:00','0'),(43,3,6,'2023-05-08 23:00:00','0'),(43,3,8,'2023-05-04 20:00:00','0'),(43,3,8,'2023-05-06 21:00:00','0'),(43,3,11,'2023-05-09 16:00:00','0'),(43,3,22,'2023-05-11 15:00:00','0'),(43,3,25,'2023-05-02 20:00:00','0'),(43,3,26,'2023-05-04 12:00:00','0'),(43,3,32,'2023-05-08 21:00:00','0'),(44,1,3,'2022-10-10 23:00:00','0'),(44,1,3,'2023-04-21 11:00:00','0'),(44,1,3,'2023-04-22 20:00:00','1'),(44,1,3,'2023-06-16 18:00:00','0'),(44,1,3,'2023-10-11 12:00:00','0'),(44,1,4,'2023-08-03 15:00:00','0'),(44,1,5,'2023-05-07 22:00:00','0'),(44,1,6,'2023-05-07 16:00:00','0'),(44,1,7,'2023-04-30 15:00:00','0'),(44,1,8,'2023-05-04 20:00:00','0'),(44,1,8,'2023-05-05 17:00:00','0'),(44,1,9,'2023-05-08 20:00:00','0'),(44,1,10,'2023-04-30 18:00:00','0'),(44,1,10,'2023-05-07 14:00:00','0'),(44,1,25,'2023-05-12 19:30:00','0'),(44,1,26,'2023-10-10 23:00:00','0'),(44,1,33,'2023-05-15 23:00:00','0'),(44,2,7,'2023-05-03 12:00:00','0'),(44,2,11,'2023-05-04 20:00:00','0'),(44,2,22,'2023-05-04 13:00:00','0'),(44,2,26,'2023-05-05 20:00:00','0'),(44,2,32,'2023-05-06 20:00:00','0'),(44,2,33,'2023-05-15 18:45:00','0'),(44,3,4,'2023-06-05 15:00:00','0'),(44,3,5,'2023-05-01 16:00:00','0'),(44,3,6,'2023-05-08 23:00:00','0'),(44,3,8,'2023-05-04 20:00:00','0'),(44,3,8,'2023-05-06 21:00:00','0'),(44,3,11,'2023-05-09 16:00:00','0'),(44,3,22,'2023-05-11 15:00:00','0'),(44,3,25,'2023-05-02 20:00:00','0'),(44,3,26,'2023-05-04 12:00:00','0'),(44,3,32,'2023-05-08 21:00:00','0'),(45,1,3,'2022-10-10 23:00:00','0'),(45,1,3,'2023-04-21 11:00:00','0'),(45,1,3,'2023-04-22 20:00:00','0'),(45,1,3,'2023-06-16 18:00:00','0'),(45,1,3,'2023-10-11 12:00:00','0'),(45,1,4,'2023-08-03 15:00:00','0'),(45,1,5,'2023-05-07 22:00:00','0'),(45,1,6,'2023-05-07 16:00:00','0'),(45,1,7,'2023-04-30 15:00:00','0'),(45,1,8,'2023-05-04 20:00:00','0'),(45,1,8,'2023-05-05 17:00:00','0'),(45,1,9,'2023-05-08 20:00:00','0'),(45,1,10,'2023-04-30 18:00:00','0'),(45,1,10,'2023-05-07 14:00:00','0'),(45,1,25,'2023-05-12 19:30:00','0'),(45,1,26,'2023-10-10 23:00:00','0'),(45,1,33,'2023-05-15 23:00:00','0'),(45,2,7,'2023-05-03 12:00:00','0'),(45,2,11,'2023-05-04 20:00:00','0'),(45,2,22,'2023-05-04 13:00:00','0'),(45,2,26,'2023-05-05 20:00:00','0'),(45,2,32,'2023-05-06 20:00:00','0'),(45,2,33,'2023-05-15 18:45:00','0'),(45,3,4,'2023-06-05 15:00:00','0'),(45,3,5,'2023-05-01 16:00:00','0'),(45,3,6,'2023-05-08 23:00:00','0'),(45,3,8,'2023-05-04 20:00:00','0'),(45,3,8,'2023-05-06 21:00:00','0'),(45,3,11,'2023-05-09 16:00:00','0'),(45,3,22,'2023-05-11 15:00:00','0'),(45,3,25,'2023-05-02 20:00:00','0'),(45,3,26,'2023-05-04 12:00:00','0'),(45,3,32,'2023-05-08 21:00:00','0'),(46,1,3,'2022-10-10 23:00:00','0'),(46,1,3,'2023-04-21 11:00:00','0'),(46,1,3,'2023-04-22 20:00:00','0'),(46,1,3,'2023-06-16 18:00:00','0'),(46,1,3,'2023-10-11 12:00:00','0'),(46,1,4,'2023-08-03 15:00:00','0'),(46,1,5,'2023-05-07 22:00:00','0'),(46,1,6,'2023-05-07 16:00:00','0'),(46,1,7,'2023-04-30 15:00:00','0'),(46,1,8,'2023-05-04 20:00:00','0'),(46,1,8,'2023-05-05 17:00:00','0'),(46,1,9,'2023-05-08 20:00:00','0'),(46,1,10,'2023-04-30 18:00:00','0'),(46,1,10,'2023-05-07 14:00:00','0'),(46,1,25,'2023-05-12 19:30:00','0'),(46,1,26,'2023-10-10 23:00:00','0'),(46,1,33,'2023-05-15 23:00:00','0'),(46,2,7,'2023-05-03 12:00:00','0'),(46,2,11,'2023-05-04 20:00:00','0'),(46,2,22,'2023-05-04 13:00:00','0'),(46,2,26,'2023-05-05 20:00:00','0'),(46,2,32,'2023-05-06 20:00:00','0'),(46,2,33,'2023-05-15 18:45:00','0'),(46,3,4,'2023-06-05 15:00:00','0'),(46,3,5,'2023-05-01 16:00:00','0'),(46,3,6,'2023-05-08 23:00:00','0'),(46,3,8,'2023-05-04 20:00:00','0'),(46,3,8,'2023-05-06 21:00:00','0'),(46,3,11,'2023-05-09 16:00:00','0'),(46,3,22,'2023-05-11 15:00:00','0'),(46,3,25,'2023-05-02 20:00:00','0'),(46,3,26,'2023-05-04 12:00:00','0'),(46,3,32,'2023-05-08 21:00:00','0'),(47,1,3,'2022-10-10 23:00:00','0'),(47,1,3,'2023-04-21 11:00:00','0'),(47,1,3,'2023-04-22 20:00:00','0'),(47,1,3,'2023-06-16 18:00:00','0'),(47,1,3,'2023-10-11 12:00:00','0'),(47,1,4,'2023-08-03 15:00:00','0'),(47,1,5,'2023-05-07 22:00:00','0'),(47,1,6,'2023-05-07 16:00:00','0'),(47,1,7,'2023-04-30 15:00:00','0'),(47,1,8,'2023-05-04 20:00:00','0'),(47,1,8,'2023-05-05 17:00:00','0'),(47,1,9,'2023-05-08 20:00:00','0'),(47,1,10,'2023-04-30 18:00:00','0'),(47,1,10,'2023-05-07 14:00:00','0'),(47,1,25,'2023-05-12 19:30:00','0'),(47,1,26,'2023-10-10 23:00:00','0'),(47,1,33,'2023-05-15 23:00:00','0'),(47,2,7,'2023-05-03 12:00:00','0'),(47,2,11,'2023-05-04 20:00:00','0'),(47,2,22,'2023-05-04 13:00:00','0'),(47,2,26,'2023-05-05 20:00:00','0'),(47,2,32,'2023-05-06 20:00:00','0'),(47,2,33,'2023-05-15 18:45:00','0'),(47,3,4,'2023-06-05 15:00:00','0'),(47,3,5,'2023-05-01 16:00:00','0'),(47,3,6,'2023-05-08 23:00:00','0'),(47,3,8,'2023-05-04 20:00:00','0'),(47,3,8,'2023-05-06 21:00:00','0'),(47,3,11,'2023-05-09 16:00:00','0'),(47,3,22,'2023-05-11 15:00:00','0'),(47,3,25,'2023-05-02 20:00:00','0'),(47,3,26,'2023-05-04 12:00:00','0'),(47,3,32,'2023-05-08 21:00:00','0'),(48,1,3,'2022-10-10 23:00:00','0'),(48,1,3,'2023-04-21 11:00:00','0'),(48,1,3,'2023-04-22 20:00:00','0'),(48,1,3,'2023-06-16 18:00:00','0'),(48,1,3,'2023-10-11 12:00:00','0'),(48,1,4,'2023-08-03 15:00:00','0'),(48,1,5,'2023-05-07 22:00:00','0'),(48,1,6,'2023-05-07 16:00:00','0'),(48,1,7,'2023-04-30 15:00:00','0'),(48,1,8,'2023-05-04 20:00:00','0'),(48,1,8,'2023-05-05 17:00:00','0'),(48,1,9,'2023-05-08 20:00:00','0'),(48,1,10,'2023-04-30 18:00:00','0'),(48,1,10,'2023-05-07 14:00:00','0'),(48,1,25,'2023-05-12 19:30:00','0'),(48,1,26,'2023-10-10 23:00:00','0'),(48,1,33,'2023-05-15 23:00:00','0'),(48,2,7,'2023-05-03 12:00:00','0'),(48,2,11,'2023-05-04 20:00:00','0'),(48,2,22,'2023-05-04 13:00:00','0'),(48,2,26,'2023-05-05 20:00:00','0'),(48,2,32,'2023-05-06 20:00:00','0'),(48,2,33,'2023-05-15 18:45:00','0'),(48,3,4,'2023-06-05 15:00:00','0'),(48,3,5,'2023-05-01 16:00:00','0'),(48,3,6,'2023-05-08 23:00:00','0'),(48,3,8,'2023-05-04 20:00:00','0'),(48,3,8,'2023-05-06 21:00:00','0'),(48,3,11,'2023-05-09 16:00:00','0'),(48,3,22,'2023-05-11 15:00:00','0'),(48,3,25,'2023-05-02 20:00:00','0'),(48,3,26,'2023-05-04 12:00:00','0'),(48,3,32,'2023-05-08 21:00:00','0');
/*!40000 ALTER TABLE `butaca_funcion` ENABLE KEYS */;
UNLOCK TABLES;

--
-- Table structure for table `calificacion`
--

DROP TABLE IF EXISTS `calificacion`;
/*!40101 SET @saved_cs_client     = @@character_set_client */;
/*!50503 SET character_set_client = utf8mb4 */;
CREATE TABLE `calificacion` (
  `codigo_calificacion` int NOT NULL AUTO_INCREMENT,
  `descripcion` varchar(45) CHARACTER SET utf8mb3 COLLATE utf8_bin NOT NULL,
  PRIMARY KEY (`codigo_calificacion`)
) ENGINE=InnoDB AUTO_INCREMENT=7 DEFAULT CHARSET=utf8mb3 COLLATE=utf8_bin;
/*!40101 SET character_set_client = @saved_cs_client */;

--
-- Dumping data for table `calificacion`
--

LOCK TABLES `calificacion` WRITE;
/*!40000 ALTER TABLE `calificacion` DISABLE KEYS */;
INSERT INTO `calificacion` VALUES (2,'+13 (Apta para mayores de 13)'),(3,'+16 (Apta para mayores de 16 anios) '),(4,'+18 (Apta para mayores de 18 anios) '),(5,'ATP (Apta para todo publico)');
/*!40000 ALTER TABLE `calificacion` ENABLE KEYS */;
UNLOCK TABLES;

--
-- Table structure for table `comentario`
--

DROP TABLE IF EXISTS `comentario`;
/*!40101 SET @saved_cs_client     = @@character_set_client */;
/*!50503 SET character_set_client = utf8mb4 */;
CREATE TABLE `comentario` (
  `dni` varchar(45) COLLATE utf8_bin NOT NULL,
  `id_comentario` int NOT NULL AUTO_INCREMENT,
  `comentario` varchar(45) COLLATE utf8_bin NOT NULL,
  `fecha_hora` datetime NOT NULL,
  `codigo_pel` int NOT NULL,
  PRIMARY KEY (`id_comentario`,`dni`),
  KEY `fk_comentario_cliente` (`dni`),
  CONSTRAINT `fk_comentario_cliente` FOREIGN KEY (`dni`) REFERENCES `persona` (`dni`) ON DELETE CASCADE ON UPDATE CASCADE
) ENGINE=InnoDB AUTO_INCREMENT=21 DEFAULT CHARSET=utf8mb3 COLLATE=utf8_bin;
/*!40101 SET character_set_client = @saved_cs_client */;

--
-- Dumping data for table `comentario`
--

LOCK TABLES `comentario` WRITE;
/*!40000 ALTER TABLE `comentario` DISABLE KEYS */;
INSERT INTO `comentario` VALUES ('456',20,'horrible al final no me gusta','2023-04-21 17:10:10',33);
/*!40000 ALTER TABLE `comentario` ENABLE KEYS */;
UNLOCK TABLES;

--
-- Table structure for table `costo_entrada`
--

DROP TABLE IF EXISTS `costo_entrada`;
/*!40101 SET @saved_cs_client     = @@character_set_client */;
/*!50503 SET character_set_client = utf8mb4 */;
CREATE TABLE `costo_entrada` (
  `fecha_desde` date NOT NULL,
  `costo` double NOT NULL,
  PRIMARY KEY (`fecha_desde`)
) ENGINE=InnoDB DEFAULT CHARSET=utf8mb3 COLLATE=utf8_bin;
/*!40101 SET character_set_client = @saved_cs_client */;

--
-- Dumping data for table `costo_entrada`
--

LOCK TABLES `costo_entrada` WRITE;
/*!40000 ALTER TABLE `costo_entrada` DISABLE KEYS */;
INSERT INTO `costo_entrada` VALUES ('2022-01-20',500),('2022-01-21',600),('2022-01-25',400),('2022-02-01',500),('2022-07-12',850),('2023-03-29',1500),('2023-04-01',12.5),('2023-04-11',1500);
/*!40000 ALTER TABLE `costo_entrada` ENABLE KEYS */;
UNLOCK TABLES;

--
-- Table structure for table `entrada`
--

DROP TABLE IF EXISTS `entrada`;
/*!40101 SET @saved_cs_client     = @@character_set_client */;
/*!50503 SET character_set_client = utf8mb4 */;
CREATE TABLE `entrada` (
  `numero_butaca` int NOT NULL,
  `nro_sala` int NOT NULL,
  `cod_pelicula` int NOT NULL,
  `fecha_hora_funcion` datetime NOT NULL,
  `total` double NOT NULL,
  `dni` varchar(45) CHARACTER SET utf8mb3 COLLATE utf8_bin NOT NULL,
  `id_entrada` int NOT NULL AUTO_INCREMENT,
  PRIMARY KEY (`id_entrada`),
  KEY `fk_entrada_butaca_idx` (`numero_butaca`,`nro_sala`,`cod_pelicula`,`fecha_hora_funcion`),
  KEY `fk_entrada_cliente` (`dni`),
  CONSTRAINT `fk_entrada_butaca` FOREIGN KEY (`numero_butaca`, `nro_sala`, `cod_pelicula`, `fecha_hora_funcion`) REFERENCES `butaca_funcion` (`numero`, `nro_sala`, `cod_pelicula`, `fecha_hora_funcion`) ON DELETE CASCADE ON UPDATE CASCADE,
  CONSTRAINT `fk_entrada_cliente` FOREIGN KEY (`dni`) REFERENCES `persona` (`dni`) ON DELETE CASCADE ON UPDATE CASCADE
) ENGINE=InnoDB AUTO_INCREMENT=166 DEFAULT CHARSET=utf8mb3 COLLATE=utf8_bin;
/*!40101 SET character_set_client = @saved_cs_client */;

--
-- Dumping data for table `entrada`
--

LOCK TABLES `entrada` WRITE;
/*!40000 ALTER TABLE `entrada` DISABLE KEYS */;
/*!40000 ALTER TABLE `entrada` ENABLE KEYS */;
UNLOCK TABLES;

--
-- Table structure for table `funcion`
--

DROP TABLE IF EXISTS `funcion`;
/*!40101 SET @saved_cs_client     = @@character_set_client */;
/*!50503 SET character_set_client = utf8mb4 */;
CREATE TABLE `funcion` (
  `codigo_pelicula` int NOT NULL AUTO_INCREMENT,
  `fecha_hora` datetime NOT NULL,
  `numero_sala` int NOT NULL,
  PRIMARY KEY (`codigo_pelicula`,`fecha_hora`,`numero_sala`),
  KEY `fk_funcion_sala_idx` (`numero_sala`),
  CONSTRAINT `fk_funcion_pelicula` FOREIGN KEY (`codigo_pelicula`) REFERENCES `pelicula` (`codigo`) ON DELETE CASCADE ON UPDATE CASCADE,
  CONSTRAINT `fk_funcion_sala` FOREIGN KEY (`numero_sala`) REFERENCES `sala` (`numero`) ON DELETE RESTRICT ON UPDATE CASCADE
) ENGINE=InnoDB AUTO_INCREMENT=34 DEFAULT CHARSET=utf8mb3 COLLATE=utf8_bin;
/*!40101 SET character_set_client = @saved_cs_client */;

--
-- Dumping data for table `funcion`
--

LOCK TABLES `funcion` WRITE;
/*!40000 ALTER TABLE `funcion` DISABLE KEYS */;
INSERT INTO `funcion` VALUES (3,'2022-10-10 23:00:00',1),(3,'2023-04-21 11:00:00',1),(3,'2023-04-22 20:00:00',1),(3,'2023-06-16 18:00:00',1),(3,'2023-10-11 12:00:00',1),(4,'2023-08-03 15:00:00',1),(5,'2023-05-07 22:00:00',1),(6,'2023-05-07 16:00:00',1),(7,'2023-04-30 15:00:00',1),(8,'2023-05-04 20:00:00',1),(8,'2023-05-05 17:00:00',1),(9,'2023-05-08 20:00:00',1),(10,'2023-04-30 18:00:00',1),(10,'2023-05-07 14:00:00',1),(25,'2023-05-12 19:30:00',1),(26,'2023-10-10 23:00:00',1),(33,'2023-05-15 23:00:00',1),(7,'2023-05-03 12:00:00',2),(11,'2023-05-04 20:00:00',2),(22,'2023-05-04 13:00:00',2),(26,'2023-05-05 20:00:00',2),(32,'2023-05-06 20:00:00',2),(33,'2023-05-15 18:45:00',2),(4,'2023-06-05 15:00:00',3),(5,'2023-05-01 16:00:00',3),(6,'2023-05-08 23:00:00',3),(8,'2023-05-04 20:00:00',3),(8,'2023-05-06 21:00:00',3),(11,'2023-05-09 16:00:00',3),(22,'2023-05-11 15:00:00',3),(25,'2023-05-02 20:00:00',3),(26,'2023-05-04 12:00:00',3),(32,'2023-05-08 21:00:00',3);
/*!40000 ALTER TABLE `funcion` ENABLE KEYS */;
UNLOCK TABLES;

--
-- Table structure for table `genero`
--

DROP TABLE IF EXISTS `genero`;
/*!40101 SET @saved_cs_client     = @@character_set_client */;
/*!50503 SET character_set_client = utf8mb4 */;
CREATE TABLE `genero` (
  `idGenero` int NOT NULL AUTO_INCREMENT,
  `descripcion` varchar(45) CHARACTER SET utf8mb3 COLLATE utf8_bin NOT NULL,
  PRIMARY KEY (`idGenero`)
) ENGINE=InnoDB AUTO_INCREMENT=23 DEFAULT CHARSET=utf8mb3 COLLATE=utf8_bin;
/*!40101 SET character_set_client = @saved_cs_client */;

--
-- Dumping data for table `genero`
--

LOCK TABLES `genero` WRITE;
/*!40000 ALTER TABLE `genero` DISABLE KEYS */;
INSERT INTO `genero` VALUES (1,'Drama'),(2,'Romance'),(3,'Accion'),(4,'Terror'),(5,'Suspenso'),(6,'Comedia'),(20,'Infantil');
/*!40000 ALTER TABLE `genero` ENABLE KEYS */;
UNLOCK TABLES;

--
-- Table structure for table `pelicula`
--

DROP TABLE IF EXISTS `pelicula`;
/*!40101 SET @saved_cs_client     = @@character_set_client */;
/*!50503 SET character_set_client = utf8mb4 */;
CREATE TABLE `pelicula` (
  `codigo` int NOT NULL AUTO_INCREMENT,
  `nombre` varchar(45) CHARACTER SET utf8mb3 COLLATE utf8_bin NOT NULL,
  `sinopsis` varchar(500) CHARACTER SET utf8mb3 COLLATE utf8_bin NOT NULL,
  `director` varchar(45) CHARACTER SET utf8mb3 COLLATE utf8_bin NOT NULL,
  `duracion` double NOT NULL,
  `portada` varchar(900) CHARACTER SET utf8mb3 COLLATE utf8_bin DEFAULT NULL,
  `fecha_estreno` date DEFAULT NULL,
  `codigo_calificacion` int DEFAULT NULL,
  `id_genero` int DEFAULT NULL,
  PRIMARY KEY (`codigo`),
  KEY `fk_pelicula_calificacion_idx` (`codigo_calificacion`),
  KEY `fk_pelicula_genero_idx` (`id_genero`),
  CONSTRAINT `fk_pelicula_calificacion` FOREIGN KEY (`codigo_calificacion`) REFERENCES `calificacion` (`codigo_calificacion`) ON DELETE RESTRICT ON UPDATE CASCADE,
  CONSTRAINT `fk_pelicula_genero` FOREIGN KEY (`id_genero`) REFERENCES `genero` (`idGenero`) ON DELETE RESTRICT ON UPDATE CASCADE
) ENGINE=InnoDB AUTO_INCREMENT=35 DEFAULT CHARSET=utf8mb3 COLLATE=utf8_unicode_ci;
/*!40101 SET character_set_client = @saved_cs_client */;

--
-- Dumping data for table `pelicula`
--

LOCK TABLES `pelicula` WRITE;
/*!40000 ALTER TABLE `pelicula` DISABLE KEYS */;
INSERT INTO `pelicula` VALUES (3,'EL JUEGO DEL MIEDO','Adam y Lawrence se despiertan encadenados en un sucio bao con un cadver entre ellos. Su secuestrador es un loco conocido como Jigsaw cuyo juego consiste en forzar a sus cautivos a herirse a si mismos o a otros con tal de permanecer vivos','Pepito',92,'https://live.staticflickr.com/65535/51558623296_51e3dfdb58_m.jpg','2021-05-05',5,4),(4,'EL CONJURO','Narra los encuentros sobrenaturales que vivia la familia Perron en su casa de Rhode Island a principios de los 70. Ed y Lorraine Warren, investigadores de renombre en el mundo de los fenomenos paranormales, acuden a la llamada de una familia aterrorizada por la presencia en su granja de un ser maligno.','Juan',90,'https://live.staticflickr.com/65535/51558856383_43594a7227_m.jpg','2021-10-02',3,4),(5,'LA NARANJA MECANICA','Alex es un joven muy agresivo que tiene dos pasiones: la violencia desaforada y Beethoven. Es el jefe de la banda de los drugos, que dan rienda suelta a sus instintos ms salvajes aterrorizando a la poblacin.','Stanley Kubrick',136,'https://wmagazin.com/wp-content/uploads/2021/08/Cine-Club-literario-Lanaranjamecanica-cartel-1-e1628878059463.jpg','1971-12-19',3,1),(6,'LA ISLA SINIESTRA','Verano de 1954. Los agentes judiciales Teddy Daniels y Chuck Aule son enviados a una remota isla del puerto de Boston para investigar la desaparicin de una peligrosa asesina recluida en el hospital ','Martin Scorsese',138,'https://4.bp.blogspot.com/-Y7LZMCKJp8g/WjhE5pTRkhI/AAAAAAAAJZo/vOEF6pfUx7IDU49cmCd5j9bwRh1BrlTsgCLcBGAs/s1600/MV5BY2NkNTcxNjAtODhjMS00Mjg2LWI1OGItMjRhMGJlODBkZTVlL2ltYWdlL2ltYWdlXkEyXkFqcGdeQXVyNzAxMjE1NDg%2540._V1_SY1000_CR0%252C0%252C675%252C1000_AL_.jpg','2010-02-18',3,5),(7,'COMO SI FUERA LA PRIMERA VEZ','Henry, bilogo marino, no tiene la mnima intencin de comprometerse con nadie, hasta que conoce a Lucy, la chica de sus sueos. Sin embargo, hay un pequeo problema, la joven se levanta cada maana sin recordar absolutamente nada del da anterior.','Peter Segal',99,'https://mx.web.img3.acsta.net/pictures/18/10/05/00/01/1103522.jpg','2004-01-13',4,2),(8,'BUSQUEDA IMPLACABLE','El exagente de las fuerzas especiales de lite Bryan Millis se ve enredado en la trama de una organizacin criminal cuando trata de salvar a su hija, Kim. En un viaje a Paris, Kim y una amiga son raptadas por una red criminal que trafica con mujeres, especialmente chicas jvenes.','Pierre Morel',93,'https://mx.web.img3.acsta.net/pictures/20/09/25/00/12/3064092.jpg','2008-09-18',4,3),(9,'LA MONJA','Una monja se suicida en una abada rumana y el Vaticano enva a un sacerdote y una novicia a investigar lo sucedido. Lo que ambos encuentran all es un secreto perverso que los enfrentar cara a cara con el mal en su esencia ms pura.','Corin Hardy',96,'https://es.web.img2.acsta.net/pictures/18/08/14/15/35/4396669.jpg','2018-09-07',4,4),(10,'ACTIVIDAD PARANORMAL 2','Despus de sufrir lo que ellos creen una serie de robos, una familia coloca cmaras de seguridad en toda la casa, descubriendo para su sorpresa un lado mucho ms siniestro que los propios sucesos inquietantes que estn viviendo.','Tod Williams',91,'https://images-na.ssl-images-amazon.com/images/S/pv-target-images/7673270068f2d30557cd97936f77d590f746e3b49afdb1a9b3821ddf6f095bcc._RI_V_TTW_.jpg','2010-10-22',3,5),(11,'INACTIVIDAD PARANORMAL','Despus de haber exorcizado los demonios de su ex, Malcolm empieza una nueva vida junto a su novia y los dos hijos de esta. Sin embargo, tras mudarse a la casa de sus sueos, vuelve a sufrir extraos sucesos paranormales.','Michael Tiddes',86,'https://i.blogs.es/4900bb/a_haunted_house_2/450_1000.jpg','2014-04-18',5,6),(22,'SPIDER-MAN: NO WAY HOME','Tras descubrirse la identidad secreta de Peter Parker como Spider-Man, la vida del joven se vuelve una locura. Peter decide pedirle ayuda al Doctor Extrao para recuperar su vida. Pero algo sale mal y provoca una fractura en el multiverso.','Jon Watts',90,'https://www.ecartelera.com/carteles/15800/15882/005_m.jpg','2022-02-23',2,3),(25,'LIGHTYEAR','Buzz Lightyear se embarca en una aventura intergalctica con un grupo de reclutas ambiciosos y su compaero robot.','Angus MacLane',105,'https://lumiere-a.akamaihd.net/v1/images/p_disney_lightyear_519_c4636841.jpeg','2022-06-16',5,20),(26,'CARS','El aspirante a campen de carreras Rayo McQueen parece que est a punto de conseguir el xito. Su actitud arrogante se desvanece cuando llega a una pequea comunidad olvidada que le ensea las cosas importantes de la vida que haba olvidado.','John Lasseter',90,'https://es.web.img2.acsta.net/medias/nmedia/18/82/02/41/19753255.jpg','2006-06-29',5,20),(32,'QUE PASO AYER','Dos das antes de su boda, Doug y tres amigos viajan a Las Vegas para una fiesta inolvidable y salvaje. De hecho, cuando los tres acompaantes despiertan la maana siguiente, no recuerdan nada ni encuentran a Doug. Con poco tiempo por delante, los tres amigos intentan recordar sus pasos y encontrar a Doug para que regrese a Los ngeles para su boda.','Todd Phillips',150,'https://pics.filmaffinity.com/A_Qu_pas_ayer-567756276-large.jpg','2009-08-10',3,6),(33,'EL MISTERIO DE LA LIBELULA','Un doctor se siente culpable y afligido, pues cree que su esposa intenta contactarlo desde el ms all del sepulcro.','Tom Shadyac',120,'https://mx.web.img2.acsta.net/pictures/20/09/25/19/50/2252923.jpg','2023-04-26',4,1);
/*!40000 ALTER TABLE `pelicula` ENABLE KEYS */;
UNLOCK TABLES;

--
-- Table structure for table `persona`
--

DROP TABLE IF EXISTS `persona`;
/*!40101 SET @saved_cs_client     = @@character_set_client */;
/*!50503 SET character_set_client = utf8mb4 */;
CREATE TABLE `persona` (
  `dni` varchar(45) CHARACTER SET utf8mb3 COLLATE utf8_bin NOT NULL,
  `nombre` varchar(45) CHARACTER SET utf8mb3 COLLATE utf8_bin NOT NULL,
  `apellido` varchar(45) CHARACTER SET utf8mb3 COLLATE utf8_bin NOT NULL,
  `email` varchar(45) CHARACTER SET utf8mb3 COLLATE utf8_bin NOT NULL,
  `password` varchar(45) CHARACTER SET utf8mb3 COLLATE utf8_bin NOT NULL,
  `edad` int NOT NULL,
  `telefono` varchar(45) CHARACTER SET utf8mb3 COLLATE utf8_bin NOT NULL,
  `habilitado` tinyint NOT NULL,
  PRIMARY KEY (`dni`)
) ENGINE=InnoDB DEFAULT CHARSET=utf8mb3 COLLATE=utf8_bin;
/*!40101 SET character_set_client = @saved_cs_client */;

--
-- Dumping data for table `persona`
--

LOCK TABLES `persona` WRITE;
/*!40000 ALTER TABLE `persona` DISABLE KEYS */;
INSERT INTO `persona` VALUES ('123','raul','perez','rp@gmail.com','123456',38,'35654',1),('456','juan','gomez','jg@gmail.com','123456',22,'1547856',1);
/*!40000 ALTER TABLE `persona` ENABLE KEYS */;
UNLOCK TABLES;

--
-- Table structure for table `sala`
--

DROP TABLE IF EXISTS `sala`;
/*!40101 SET @saved_cs_client     = @@character_set_client */;
/*!50503 SET character_set_client = utf8mb4 */;
CREATE TABLE `sala` (
  `numero` int NOT NULL AUTO_INCREMENT,
  `descripcion` varchar(100) CHARACTER SET utf8mb3 COLLATE utf8_bin NOT NULL,
  PRIMARY KEY (`numero`)
) ENGINE=InnoDB AUTO_INCREMENT=14 DEFAULT CHARSET=utf8mb3 COLLATE=utf8_bin;
/*!40101 SET character_set_client = @saved_cs_client */;

--
-- Dumping data for table `sala`
--

LOCK TABLES `sala` WRITE;
/*!40000 ALTER TABLE `sala` DISABLE KEYS */;
INSERT INTO `sala` VALUES (1,'pantalla 2d con calefaccion '),(2,'pantalla 3d con 4 con sonido 5d'),(3,'pantalla 3d con sonido ambiente');
/*!40000 ALTER TABLE `sala` ENABLE KEYS */;
UNLOCK TABLES;
/*!40103 SET TIME_ZONE=@OLD_TIME_ZONE */;

/*!40101 SET SQL_MODE=@OLD_SQL_MODE */;
/*!40014 SET FOREIGN_KEY_CHECKS=@OLD_FOREIGN_KEY_CHECKS */;
/*!40014 SET UNIQUE_CHECKS=@OLD_UNIQUE_CHECKS */;
/*!40101 SET CHARACTER_SET_CLIENT=@OLD_CHARACTER_SET_CLIENT */;
/*!40101 SET CHARACTER_SET_RESULTS=@OLD_CHARACTER_SET_RESULTS */;
/*!40101 SET COLLATION_CONNECTION=@OLD_COLLATION_CONNECTION */;
/*!40111 SET SQL_NOTES=@OLD_SQL_NOTES */;

-- Dump completed on 2023-04-21 19:18:01
